sample_id,url,label,html_path,final_url,label_source,status_code,redirect_count,network_path
27a55f9a04beea3774a7ed1247d92df8,http://107.175.30.181/systemcl/spc,1,data/raw/html/27a55f9a04beea3774a7ed1247d92df8.html,http://10.10.10.1/UserCheck/PortalMain?IID=36C47DC2-1CA6-33DF-A0AC-9F6E5CD99037&origUrl=aHR0cDovLzEwNy4xNzUuMzAuMTgxL3N5c3RlbWNsL3NwYw,openphish_urlhaus,200,1,
db1c887968c20e481e89dd04660e815e,http://64.89.163.118/arizona,1,data/raw/html/db1c887968c20e481e89dd04660e815e.html,http://10.10.10.1/UserCheck/PortalMain?IID=C6A6F287-6558-7B59-246C-9FDDAFCD64E1&origUrl=aHR0cDovLzY0Ljg5LjE2My4xMTgvYXJpem9uYQ,openphish_urlhaus,200,1,
b0528cca0cf2b8bbedf472906216bb1c,http://soliq-smart.com/api/client32.ini,1,data/raw/html/b0528cca0cf2b8bbedf472906216bb1c.html,http://10.10.10.1/UserCheck/PortalMain?IID=02DDFE6A-0135-C1CF-E97E-5B479AF0D3C2&origUrl=aHR0cDovL3NvbGlxLXNtYXJ0LmNvbS9hcGkvY2xpZW50MzIuaW5p,openphish_urlhaus,200,1,
c70ef1a1723cc7929cc2660d4ec79ebb,http://www.almacensantangel.com/ENnmCRYPT.Ps1,1,data/raw/html/c70ef1a1723cc7929cc2660d4ec79ebb.html,http://10.10.10.1/UserCheck/PortalMain?IID=4F25D177-DE0D-34FD-72FF-8F68B4DA997F&origUrl=aHR0cDovL3d3dy5hbG1hY2Vuc2FudGFuZ2VsLmNvbS9FTm5tQ1JZUFQuUHMx,openphish_urlhaus,200,1,
17451d498983767dc92124f504d26708,http://microservisetrue.vip/fwefwe324234234rgeffwehtrwyrhtrhtqwfqwd31443wefefwwfer3232fewwefwefwefqgrqwtherergqefwefqweqfwqf32fefwsda/uploads/EFewefwewFEW342234423234feWEEFWWefewefweffewwefEWF.php?file=amp.exe,1,data/raw/html/17451d498983767dc92124f504d26708.html,http://10.10.10.1/UserCheck/PortalMain?IID=E30D1EE7-9AFF-4C58-1D51-1C22C61686A9&origUrl=aHR0cDovL21pY3Jvc2VydmlzZXRydWUudmlwL2Z3ZWZ3ZTMyNDIzNDIzNHJnZWZmd2VodHJ3eXJodHJodHF3ZnF3ZDMxNDQzd2VmZWZ3d2ZlcjMyMzJmZXd3ZWZ3ZWZ3ZWZxZ3Jxd3RoZXJlcmdxZWZ3ZWZxd2VxZndxZjMyZmVmd3NkYS91cGxvYWRzL0VGZXdlZndld0ZFVzM0MjIzNDQyMzIzNGZlV0VFRldXZWZld2Vmd2VmZmV3d2VmRVdGLnBocD9maWxlPWFtcC5leGU,openphish_urlhaus,200,1,
5521d66bcbe351b0502393dcad37cf56,http://78.153.140.16/re.sh,1,data/raw/html/5521d66bcbe351b0502393dcad37cf56.html,http://10.10.10.1/UserCheck/PortalMain?IID=1153A08D-7E96-7BD3-FB8A-7AC09F2491A1&origUrl=aHR0cDovLzc4LjE1My4xNDAuMTYvcmUuc2g,openphish_urlhaus,200,1,
041547e467a70b00a751cc70465deba7,http://64.89.163.118/alaska,1,data/raw/html/041547e467a70b00a751cc70465deba7.html,http://10.10.10.1/UserCheck/PortalMain?IID=6CDA92DB-3D04-6F18-BA2B-71891C94A117&origUrl=aHR0cDovLzY0Ljg5LjE2My4xMTgvYWxhc2th,openphish_urlhaus,200,1,
64b7d0b483d48add78baaced917b7671,https://hello1.aiqworldwide.ai/trans.gif?70fb2d96c0245047f1412a5c1f5b3373,1,data/raw/html/64b7d0b483d48add78baaced917b7671.html,https://aiqworldwide.com/,openphish_urlhaus,200,1,
7e8c9d3eb7a710a852477c31fa1c41cc,http://158.94.211.162/5.exe,1,data/raw/html/7e8c9d3eb7a710a852477c31fa1c41cc.html,http://10.10.10.1/UserCheck/PortalMain?IID=74EF15F3-6483-2324-478E-539EE7A637E2&origUrl=aHR0cDovLzE1OC45NC4yMTEuMTYyLzUuZXhl,openphish_urlhaus,200,1,
21e88c4f52334581573b29b1e15fa53e,http://85.239.147.6/files/5851730241/IQEr4wy.exe,1,data/raw/html/21e88c4f52334581573b29b1e15fa53e.html,https://www.google.com/,openphish_urlhaus,200,2,
c94b1f135bc9dbc14a630b51f97c5e35,http://f.digitalmaillane.com/igit/4/34wile9Pth4mtcv6mgPqixPscb1pzP5glPhiaPt6PmPf,1,data/raw/html/c94b1f135bc9dbc14a630b51f97c5e35.html,http://10.10.10.1/UserCheck/PortalMain?IID=A80D59B1-767B-5BB1-A2C6-CD7B0EE7F3F9&origUrl=aHR0cDovL2YuZGlnaXRhbG1haWxsYW5lLmNvbS9pZ2l0LzQvMzR3aWxlOVB0aDRtdGN2Nm1nUHFpeFBzY2IxcHpQNWdsUGhpYVB0NlBtUGY,openphish_urlhaus,200,1,
0ff3df73c1e5342967becab7e9110f1c,http://www.amazon-clone-mocha-three.vercel.app/,1,data/raw/html/0ff3df73c1e5342967becab7e9110f1c.html,http://10.10.10.1/UserCheck/PortalMain?IID=3DC6D403-FA1A-4F82-AD61-CF3E95BC49AD&origUrl=aHR0cDovL3d3dy5hbWF6b24tY2xvbmUtbW9jaGEtdGhyZWUudmVyY2VsLmFwcC8,openphish_urlhaus,200,1,
05bfeb4d69209fc74938569355f67a98,http://layer-graph.officeco.in.net/verification.google,1,data/raw/html/05bfeb4d69209fc74938569355f67a98.html,http://10.10.10.1/UserCheck/PortalMain?IID=944EEDF1-9F62-CDD7-DD63-317AF50E3AB3&origUrl=aHR0cDovL2xheWVyLWdyYXBoLm9mZmljZWNvLmluLm5ldC92ZXJpZmljYXRpb24uZ29vZ2xl,openphish_urlhaus,200,1,
4114058adc51cb85034da98f2e6ee987,http://158.94.209.95/ycl,1,data/raw/html/4114058adc51cb85034da98f2e6ee987.html,http://10.10.10.1/UserCheck/PortalMain?IID=DB1B0539-B9E1-48A0-7B77-6CD9BB02D46F&origUrl=aHR0cDovLzE1OC45NC4yMDkuOTUveWNs,openphish_urlhaus,200,1,
9c89061a80bb78a4431c8a07202dff8a,http://158.94.211.162/ok/n.txt,1,data/raw/html/9c89061a80bb78a4431c8a07202dff8a.html,http://10.10.10.1/UserCheck/PortalMain?IID=36FDC9D1-A1C4-E441-D5D0-5C1DA4F3CDE5&origUrl=aHR0cDovLzE1OC45NC4yMTEuMTYyL29rL24udHh0,openphish_urlhaus,200,1,
3aa7aa8bc2bc8897aa252a6233e7e8ca,http://s8.vizja.cc/bins/spc,1,data/raw/html/3aa7aa8bc2bc8897aa252a6233e7e8ca.html,http://10.10.10.1/UserCheck/PortalMain?IID=26D721DA-AB16-AA79-C72B-14463BAAA480&origUrl=aHR0cDovL3M4LnZpemphLmNjL2JpbnMvc3Bj,openphish_urlhaus,200,1,
71ea9b3bb6a119df220eeb299b00a628,http://94.156.152.233/bins/Space.x86,1,data/raw/html/71ea9b3bb6a119df220eeb299b00a628.html,http://10.10.10.1/UserCheck/PortalMain?IID=97816068-3B94-285B-4CA7-278B1DB9E4D8&origUrl=aHR0cDovLzk0LjE1Ni4xNTIuMjMzL2JpbnMvU3BhY2UueDg2,openphish_urlhaus,200,1,
ad0fc11732d9a4a86292c359f432b4c2,http://83.142.209.47/nullnet_load.arm6,1,data/raw/html/ad0fc11732d9a4a86292c359f432b4c2.html,http://10.10.10.1/UserCheck/PortalMain?IID=20A71899-F367-6FC9-4A98-DF95F754A4EB&origUrl=aHR0cDovLzgzLjE0Mi4yMDkuNDcvbnVsbG5ldF9sb2FkLmFybTY,openphish_urlhaus,200,1,
8edb31a4e1f07f5c4cb3a823454008fe,http://83.142.209.47/wlan.ppc,1,data/raw/html/8edb31a4e1f07f5c4cb3a823454008fe.html,http://10.10.10.1/UserCheck/PortalMain?IID=55C037CB-134B-7C00-BF6F-541EEA7ABBCF&origUrl=aHR0cDovLzgzLjE0Mi4yMDkuNDcvd2xhbi5wcGM,openphish_urlhaus,200,1,
8d14f83b07346624bb8010419eee0c1c,http://xf221.cn/cs12.exe,1,data/raw/html/8d14f83b07346624bb8010419eee0c1c.html,http://10.10.10.1/UserCheck/PortalMain?IID=42464A2F-2795-704F-E9EB-41079D50B386&origUrl=aHR0cDovL3hmMjIxLmNuL2NzMTIuZXhl,openphish_urlhaus,200,1,
dea6273b42fc5dfc99356020a62b25cf,http://85.239.147.6/files/8468794285/cv4B5nr.exe,1,data/raw/html/dea6273b42fc5dfc99356020a62b25cf.html,https://www.google.com/,openphish_urlhaus,200,2,
af788ead5cc263f5bfe6b0c7ea5ea086,http://83.142.209.47/wlan.arm6,1,data/raw/html/af788ead5cc263f5bfe6b0c7ea5ea086.html,http://10.10.10.1/UserCheck/PortalMain?IID=9CA42502-DF85-955B-7679-4B273F89FA36&origUrl=aHR0cDovLzgzLjE0Mi4yMDkuNDcvd2xhbi5hcm02,openphish_urlhaus,200,1,
8d4b2c8bea6421761f8236b2c3353b76,http://83.142.209.47/nullnet_load.sh4,1,data/raw/html/8d4b2c8bea6421761f8236b2c3353b76.html,http://10.10.10.1/UserCheck/PortalMain?IID=2FA28BA8-02B5-48AE-D5E0-C7F10B8E19CB&origUrl=aHR0cDovLzgzLjE0Mi4yMDkuNDcvbnVsbG5ldF9sb2FkLnNoNA,openphish_urlhaus,200,1,
93c9580bac9e689660024123a3d0ffe3,http://178.16.54.109/twizt.exe,1,data/raw/html/93c9580bac9e689660024123a3d0ffe3.html,http://10.10.10.1/UserCheck/PortalMain?IID=52DFB064-84C5-DD7F-F6C8-2B96E6113CCD&origUrl=aHR0cDovLzE3OC4xNi41NC4xMDkvdHdpenQuZXhl,openphish_urlhaus,200,1,
97db54261dbf3892bc0e7aa273fe0a1a,http://130.12.180.69/bins/psh4,1,data/raw/html/97db54261dbf3892bc0e7aa273fe0a1a.html,http://10.10.10.1/UserCheck/PortalMain?IID=93524501-D1F4-2A4B-A210-5D1E8CF68B26&origUrl=aHR0cDovLzEzMC4xMi4xODAuNjkvYmlucy9wc2g0,openphish_urlhaus,200,1,
73ce3db9cec7968f2d75a2a483c86b54,http://185.244.182.35/arm7,1,data/raw/html/73ce3db9cec7968f2d75a2a483c86b54.html,http://10.10.10.1/UserCheck/PortalMain?IID=9047A62A-721D-5952-558D-1FF2F544A12E&origUrl=aHR0cDovLzE4NS4yNDQuMTgyLjM1L2FybTc,openphish_urlhaus,200,1,
bb4c2b4edc40e69766096782b9934a92,http://196.251.107.24/x834.exe,1,data/raw/html/bb4c2b4edc40e69766096782b9934a92.html,http://10.10.10.1/UserCheck/PortalMain?IID=E044E207-73CE-85D9-9ACC-6E6AAB13172F&origUrl=aHR0cDovLzE5Ni4yNTEuMTA3LjI0L3g4MzQuZXhl,openphish_urlhaus,200,1,
782454ce3c7d03464842559d0dc27387,http://178.16.54.109/peinf.exe,1,data/raw/html/782454ce3c7d03464842559d0dc27387.html,http://10.10.10.1/UserCheck/PortalMain?IID=53A26B6D-5D78-9D82-9156-AF2DFBEB6915&origUrl=aHR0cDovLzE3OC4xNi41NC4xMDkvcGVpbmYuZXhl,openphish_urlhaus,200,1,
868def4615dac2ce4e027621ea016e56,http://143.20.185.225/dl.php?t=0101011001000010010011110101010001001100010011010100000101001111&arch=attd,1,data/raw/html/868def4615dac2ce4e027621ea016e56.html,http://10.10.10.1/UserCheck/PortalMain?IID=13076B46-8685-F3AD-F272-6CF25C44F95E&origUrl=aHR0cDovLzE0My4yMC4xODUuMjI1L2RsLnBocD90PTAxMDEwMTEwMDEwMDAwMTAwMTAwMTExMTAxMDEwMTAwMDEwMDExMDAwMTAwMTEwMTAxMDAwMDAxMDEwMDExMTEmYXJjaD1hdHRk,openphish_urlhaus,200,1,
47df2e88b1d6e33e8070c2a29d5698a1,http://176.65.139.67/iran.sh4,1,data/raw/html/47df2e88b1d6e33e8070c2a29d5698a1.html,http://10.10.10.1/UserCheck/PortalMain?IID=E9980B94-F004-2BFE-E750-CFBCDC4E3B53&origUrl=aHR0cDovLzE3Ni42NS4xMzkuNjcvaXJhbi5zaDQ,openphish_urlhaus,200,1,
6624544a811e25ab7723c44eb284e802,https://netflix-clone-eight-khaki.vercel.app/,1,data/raw/html/6624544a811e25ab7723c44eb284e802.html,https://netflix-clone-eight-khaki.vercel.app/,openphish_urlhaus,200,0,
72ff4322e56573afdd0f05af6c11bf89,http://85.239.147.6/files/7942715918/md78wA4.exe,1,data/raw/html/72ff4322e56573afdd0f05af6c11bf89.html,https://www.google.com/,openphish_urlhaus,200,2,
1a08aa17b535c3db92b46cd5622e0d67,http://87.121.79.23/titanjr.arc,1,data/raw/html/1a08aa17b535c3db92b46cd5622e0d67.html,http://10.10.10.1/UserCheck/PortalMain?IID=8DD30CFF-F5CB-0976-2B0B-9FC20CA1869C&origUrl=aHR0cDovLzg3LjEyMS43OS4yMy90aXRhbmpyLmFyYw,openphish_urlhaus,200,1,
435aed4b94b50022304ab86156a2cfb7,http://196.251.107.133/bins/pmips,1,data/raw/html/435aed4b94b50022304ab86156a2cfb7.html,http://10.10.10.1/UserCheck/PortalMain?IID=F78EC4CE-DEDE-21D9-6C17-1440C3386BEA&origUrl=aHR0cDovLzE5Ni4yNTEuMTA3LjEzMy9iaW5zL3BtaXBz,openphish_urlhaus,200,1,
8ada65ac1adcbf13fe994550d19f2c72,http://179.43.182.70/bins/violetmpsl,1,data/raw/html/8ada65ac1adcbf13fe994550d19f2c72.html,http://10.10.10.1/UserCheck/PortalMain?IID=7B0E4658-C190-BA82-1231-9E53F373B363&origUrl=aHR0cDovLzE3OS40My4xODIuNzAvYmlucy92aW9sZXRtcHNs,openphish_urlhaus,200,1,
b6a4d5f7bc4a8f7ed9246619c9d15ab0,http://galabetguncelgir.online/,1,data/raw/html/b6a4d5f7bc4a8f7ed9246619c9d15ab0.html,http://10.10.10.1/UserCheck/PortalMain?IID=66B04772-5FDB-28A4-6C25-BADD1375E24A&origUrl=aHR0cDovL2dhbGFiZXRndW5jZWxnaXIub25saW5lLw,openphish_urlhaus,200,1,
2e8d274d73165c8b4a3f7e5f41dc976b,http://85.239.147.6/files/7411337060/M94scZj.exe,1,data/raw/html/2e8d274d73165c8b4a3f7e5f41dc976b.html,https://www.google.com/,openphish_urlhaus,200,2,
527ab1075c222e7f7875576b4bc067fb,http://192.3.177.145/102/goodforseethebstthings.js,1,data/raw/html/527ab1075c222e7f7875576b4bc067fb.html,http://10.10.10.1/UserCheck/PortalMain?IID=18CCFFEA-0769-D408-8FAE-B50934AE4CA4&origUrl=aHR0cDovLzE5Mi4zLjE3Ny4xNDUvMTAyL2dvb2Rmb3JzZWV0aGVic3R0aGluZ3MuanM,openphish_urlhaus,200,1,
33c387294cffdb9247441a4f6ed80669,http://176.65.139.203/manji.dbg,1,data/raw/html/33c387294cffdb9247441a4f6ed80669.html,http://10.10.10.1/UserCheck/PortalMain?IID=853EF191-D408-FE44-D25C-F5EA77D0491C&origUrl=aHR0cDovLzE3Ni42NS4xMzkuMjAzL21hbmppLmRiZw,openphish_urlhaus,200,1,
c7efbd1a59e81a9a986e50232478089e,http://178.16.54.109/4.exe,1,data/raw/html/c7efbd1a59e81a9a986e50232478089e.html,http://10.10.10.1/UserCheck/PortalMain?IID=61531111-1BD3-26AC-D3A1-5F92A5A34775&origUrl=aHR0cDovLzE3OC4xNi41NC4xMDkvNC5leGU,openphish_urlhaus,200,1,
e429a415d140da11888436cfdd10a127,http://85.239.147.6/files/6728144278/S04rtaH.exe,1,data/raw/html/e429a415d140da11888436cfdd10a127.html,https://www.google.com/,openphish_urlhaus,200,2,
742e73468ead222eb3fd0fadbf4121bf,http://hassansidiqui.github.io/netflix,1,data/raw/html/742e73468ead222eb3fd0fadbf4121bf.html,https://hassansidiqui.github.io/netflix/,openphish_urlhaus,200,2,
6acfa4514f557df25db3073d200a25b5,http://85.239.147.6/files/5900855435/eNLe4nm.exe,1,data/raw/html/6acfa4514f557df25db3073d200a25b5.html,https://www.google.com/,openphish_urlhaus,200,2,
face1d50d8af975c46091d8041c682c4,http://83.142.209.47/wlan.arm5,1,data/raw/html/face1d50d8af975c46091d8041c682c4.html,http://10.10.10.1/UserCheck/PortalMain?IID=F4BCEB84-E1F0-A448-53A9-6B06B589640A&origUrl=aHR0cDovLzgzLjE0Mi4yMDkuNDcvd2xhbi5hcm01,openphish_urlhaus,200,1,
f2660f78b841dfff4f07b470db0d43f8,http://196.251.107.24/v4343.exe,1,data/raw/html/f2660f78b841dfff4f07b470db0d43f8.html,http://10.10.10.1/UserCheck/PortalMain?IID=EEE537C0-B9C1-4728-6999-8A44C566AD50&origUrl=aHR0cDovLzE5Ni4yNTEuMTA3LjI0L3Y0MzQzLmV4ZQ,openphish_urlhaus,200,1,
0283f9e4404a03350f2edb828d3bdcce,https://drive.google.com/uc?export=download&id=1PyqsRKLXw1GypoJQ-TLpXOAGWM2390vb,1,data/raw/html/0283f9e4404a03350f2edb828d3bdcce.html,https://drive.usercontent.google.com/download?id=1PyqsRKLXw1GypoJQ-TLpXOAGWM2390vb&export=download,openphish_urlhaus,200,1,
dd2b1af2e1f01c04523390f571a68718,https://orange96.godaddysites.com/,1,data/raw/html/dd2b1af2e1f01c04523390f571a68718.html,https://orange96.godaddysites.com/,openphish_urlhaus,200,0,
487dbaaeb78c7b5608a3aa7593789d0c,http://83.142.209.47/wlan.arm7,1,data/raw/html/487dbaaeb78c7b5608a3aa7593789d0c.html,http://10.10.10.1/UserCheck/PortalMain?IID=136CA116-943B-0A1C-E005-1A1778EF4702&origUrl=aHR0cDovLzgzLjE0Mi4yMDkuNDcvd2xhbi5hcm03,openphish_urlhaus,200,1,
cb8b5b8cbb37b1cba1fb88d6459290ef,http://176.65.139.64//sh4,1,data/raw/html/cb8b5b8cbb37b1cba1fb88d6459290ef.html,http://10.10.10.1/UserCheck/PortalMain?IID=37F328EB-B83A-5C9C-A96D-8F8D3FA6F00A&origUrl=aHR0cDovLzE3Ni42NS4xMzkuNjQvc2g0,openphish_urlhaus,200,1,
57000429d9cc1ddd662bd3863f6b1e5a,http://176.65.139.57/bins/x86_64,1,data/raw/html/57000429d9cc1ddd662bd3863f6b1e5a.html,http://10.10.10.1/UserCheck/PortalMain?IID=0C8667D7-7BF0-3F00-FFD3-DDA56150B6EF&origUrl=aHR0cDovLzE3Ni42NS4xMzkuNTcvYmlucy94ODZfNjQ,openphish_urlhaus,200,1,
752d53fe81037eca4b8b50a53f76e49d,https://crmcs-guide.028426.com/s/63BZGFSVBWSFCDX7Y9/584dd8/90eab167-7429-489f-99f6-ce86e8d0d81a,1,data/raw/html/752d53fe81037eca4b8b50a53f76e49d.html,https://crmcs-guide.028426.com/s/63BZGFSVBWSFCDX7Y9/584dd8/90eab167-7429-489f-99f6-ce86e8d0d81a,openphish_urlhaus,200,0,
5a2a9b5fd173f873093221b5411f1e0f,http://179.43.182.70/bins/violetarm,1,data/raw/html/5a2a9b5fd173f873093221b5411f1e0f.html,http://10.10.10.1/UserCheck/PortalMain?IID=B031BF09-F0D5-824D-7D94-D51824CB0BC5&origUrl=aHR0cDovLzE3OS40My4xODIuNzAvYmlucy92aW9sZXRhcm0,openphish_urlhaus,200,1,
34bd7d564066634e8b31cc1459b0a9c4,http://196.251.107.133/bins/pmpsl,1,data/raw/html/34bd7d564066634e8b31cc1459b0a9c4.html,http://10.10.10.1/UserCheck/PortalMain?IID=6A4C7EBD-D7F2-D482-ADD6-98F8CDF9B05D&origUrl=aHR0cDovLzE5Ni4yNTEuMTA3LjEzMy9iaW5zL3BtcHNs,openphish_urlhaus,200,1,
cfa42694f8ec34a649a9fa1d68450ada,http://85.239.147.6/files/8042875554/jv3aQju.exe,1,data/raw/html/cfa42694f8ec34a649a9fa1d68450ada.html,https://www.google.com/,openphish_urlhaus,200,2,
f29c5e5237bfa50399fff20629a33f70,http://85.239.147.6/files/1781548144/td5Qn5I.exe,1,data/raw/html/f29c5e5237bfa50399fff20629a33f70.html,https://www.google.com/,openphish_urlhaus,200,2,
245ca983333bed32a02e6a5631305156,http://85.239.147.6/files/7359455182/S5AKPxu.exe,1,data/raw/html/245ca983333bed32a02e6a5631305156.html,https://www.google.com/,openphish_urlhaus,200,2,
26adacfdc3867161808452449de24a5a,http://94.156.152.238/bins/pppc,1,data/raw/html/26adacfdc3867161808452449de24a5a.html,http://10.10.10.1/UserCheck/PortalMain?IID=630D6599-B902-F9B1-389F-44375C5622EE&origUrl=aHR0cDovLzk0LjE1Ni4xNTIuMjM4L2JpbnMvcHBwYw,openphish_urlhaus,200,1,
69600d09ae74eaa22cdfb496e32053fa,http://85.239.147.6/test/random.exe,1,data/raw/html/69600d09ae74eaa22cdfb496e32053fa.html,https://www.google.com/,openphish_urlhaus,200,2,
93950a9f02c5ba4a27438f55d0888ddc,http://debak.ciamlogin.com/b4d386f9-19ed-4665-8274-643f6e094e6d/oauth2/v2.0/authorize,1,data/raw/html/93950a9f02c5ba4a27438f55d0888ddc.html,http://10.10.10.1/UserCheck/PortalMain?IID=5A92100A-B349-B07B-2B73-C1A9F2483167&origUrl=aHR0cDovL2RlYmFrLmNpYW1sb2dpbi5jb20vYjRkMzg2ZjktMTllZC00NjY1LTgyNzQtNjQzZjZlMDk0ZTZkL29hdXRoMi92Mi4wL2F1dGhvcml6ZQ,openphish_urlhaus,200,1,
2a5ae968e803e8b00213b274c98e7729,http://158.94.211.162/12.exe,1,data/raw/html/2a5ae968e803e8b00213b274c98e7729.html,http://10.10.10.1/UserCheck/PortalMain?IID=EABF6DB6-A6CD-B206-FD4D-CDFE47AA3CE2&origUrl=aHR0cDovLzE1OC45NC4yMTEuMTYyLzEyLmV4ZQ,openphish_urlhaus,200,1,
f7c619e513034043b6be4913463d8e4d,http://www.5mp.eu/fajlok2/scba/index_www.5mp.eu_.html,1,data/raw/html/f7c619e513034043b6be4913463d8e4d.html,http://10.10.10.1/UserCheck/PortalMain?IID=3541199F-B9B6-6915-C942-91F803AC6411&origUrl=aHR0cDovL3d3dy41bXAuZXUvZmFqbG9rMi9zY2JhL2luZGV4X3d3dy41bXAuZXVfLmh0bWw,openphish_urlhaus,200,1,
ea604272c33c577bff1dada2af17d3fe,http://179.43.182.70/bins/violetm68k,1,data/raw/html/ea604272c33c577bff1dada2af17d3fe.html,http://10.10.10.1/UserCheck/PortalMain?IID=135DFBF5-D085-E368-CFF8-63ED8AECB25E&origUrl=aHR0cDovLzE3OS40My4xODIuNzAvYmlucy92aW9sZXRtNjhr,openphish_urlhaus,200,1,
79312ad5cd27170fb77172f7e04e13b3,http://85.239.147.6/files/8536096438/X9OhMaZ.exe,1,data/raw/html/79312ad5cd27170fb77172f7e04e13b3.html,https://www.google.com/,openphish_urlhaus,200,2,
6066f0751aa85778d8de9e09298258f4,http://www.microsoft.design/wallpapers/,1,data/raw/html/6066f0751aa85778d8de9e09298258f4.html,http://10.10.10.1/UserCheck/PortalMain?IID=3D49F6F8-E520-4926-B164-18CE31B058BD&origUrl=aHR0cDovL3d3dy5taWNyb3NvZnQuZGVzaWduL3dhbGxwYXBlcnMv,openphish_urlhaus,200,1,
b80adf1031d9c7509af7af88b91e1249,http://libss.0x504.com/linux_arm7,1,data/raw/html/b80adf1031d9c7509af7af88b91e1249.html,http://10.10.10.1/UserCheck/PortalMain?IID=4B600D0C-BCB8-2F7B-C399-6E89A1CF77BF&origUrl=aHR0cDovL2xpYnNzLjB4NTA0LmNvbS9saW51eF9hcm03,openphish_urlhaus,200,1,
d5d251db9a0805d0a6fc4b78dabd064c,http://45.66.228.176/linux_arm64,1,data/raw/html/d5d251db9a0805d0a6fc4b78dabd064c.html,http://10.10.10.1/UserCheck/PortalMain?IID=D0760A05-BDE1-BA90-3327-B2C84C609DAF&origUrl=aHR0cDovLzQ1LjY2LjIyOC4xNzYvbGludXhfYXJtNjQ,openphish_urlhaus,200,1,
3a0219506c29f66a4fb0e41210056af4,http://178.16.54.109/1.exe,1,data/raw/html/3a0219506c29f66a4fb0e41210056af4.html,http://10.10.10.1/UserCheck/PortalMain?IID=88E994E0-44EA-1BD3-F7B7-774C11B6F8B8&origUrl=aHR0cDovLzE3OC4xNi41NC4xMDkvMS5leGU,openphish_urlhaus,200,1,
6601979fe5596075fd84a64e52a3b999,http://196.251.107.133/bins/psh4,1,data/raw/html/6601979fe5596075fd84a64e52a3b999.html,http://10.10.10.1/UserCheck/PortalMain?IID=B66E3358-397D-5669-4CA5-715D505A350E&origUrl=aHR0cDovLzE5Ni4yNTEuMTA3LjEzMy9iaW5zL3BzaDQ,openphish_urlhaus,200,1,
f86fa2a9c843aaf501c2a9698e8da74e,http://91.92.241.94/arm7,1,data/raw/html/f86fa2a9c843aaf501c2a9698e8da74e.html,http://10.10.10.1/UserCheck/PortalMain?IID=846CEDC2-D2C2-D1CD-B988-C3316332E87A&origUrl=aHR0cDovLzkxLjkyLjI0MS45NC9hcm03,openphish_urlhaus,200,1,
41e40c37b3c334a588e0446c752451f1,http://142.248.80.139/huhu/jawirbot.mipsl,1,data/raw/html/41e40c37b3c334a588e0446c752451f1.html,http://10.10.10.1/UserCheck/PortalMain?IID=31421526-22E0-F0D6-C1EA-A33F33ACDA38&origUrl=aHR0cDovLzE0Mi4yNDguODAuMTM5L2h1aHUvamF3aXJib3QubWlwc2w,openphish_urlhaus,200,1,
51238131e82f0c9f5f64baa3bb0853a4,http://45.141.148.121/bins/sh4,1,data/raw/html/51238131e82f0c9f5f64baa3bb0853a4.html,http://10.10.10.1/UserCheck/PortalMain?IID=2FE117E2-F559-B2F6-DA05-2EB225BCC6A4&origUrl=aHR0cDovLzQ1LjE0MS4xNDguMTIxL2JpbnMvc2g0,openphish_urlhaus,200,1,
a0a27f924334ab3e581ae38be5109730,http://www.instagram-clone-khaki-phi.vercel.app/,1,data/raw/html/a0a27f924334ab3e581ae38be5109730.html,http://10.10.10.1/UserCheck/PortalMain?IID=729910CC-8CEC-1DA1-7A9F-EDED034A632E&origUrl=aHR0cDovL3d3dy5pbnN0YWdyYW0tY2xvbmUta2hha2ktcGhpLnZlcmNlbC5hcHAv,openphish_urlhaus,200,1,
c1aea05edbbcc62094451a36ecaa678a,http://94.156.152.233/bins/Space.i686,1,data/raw/html/c1aea05edbbcc62094451a36ecaa678a.html,http://10.10.10.1/UserCheck/PortalMain?IID=4DE1799D-43FD-CD32-3EC1-0482FA5D6B1E&origUrl=aHR0cDovLzk0LjE1Ni4xNTIuMjMzL2JpbnMvU3BhY2UuaTY4Ng,openphish_urlhaus,200,1,
2d67f5e610db51a89525c5ec492c0801,http://www.website-5bdf062f.nxk.slj.mybluehost.me/corr.php,1,data/raw/html/2d67f5e610db51a89525c5ec492c0801.html,http://10.10.10.1/UserCheck/PortalMain?IID=81B54C3F-F76A-E9C8-C4EE-9A92750169EA&origUrl=aHR0cDovL3d3dy53ZWJzaXRlLTViZGYwNjJmLm54ay5zbGoubXlibHVlaG9zdC5tZS9jb3JyLnBocA,openphish_urlhaus,200,1,
713b8d94976289e6dff7a0a42d6c3f6f,http://libss.0x504.com/linux_mips_hardfloat,1,data/raw/html/713b8d94976289e6dff7a0a42d6c3f6f.html,http://10.10.10.1/UserCheck/PortalMain?IID=A18DD72C-D12E-0F8C-31A0-7CD2DD08A752&origUrl=aHR0cDovL2xpYnNzLjB4NTA0LmNvbS9saW51eF9taXBzX2hhcmRmbG9hdA,openphish_urlhaus,200,1,
fc6947e63adc1b86864f158c10d23d84,http://143.20.185.225/dl.php?t=0101011001000010010011110101010001001100010011010100000101001111&arch=acppid,1,data/raw/html/fc6947e63adc1b86864f158c10d23d84.html,http://10.10.10.1/UserCheck/PortalMain?IID=C0B1F7AB-72EE-D848-D0AD-C549FEAB2DA0&origUrl=aHR0cDovLzE0My4yMC4xODUuMjI1L2RsLnBocD90PTAxMDEwMTEwMDEwMDAwMTAwMTAwMTExMTAxMDEwMTAwMDEwMDExMDAwMTAwMTEwMTAxMDAwMDAxMDEwMDExMTEmYXJjaD1hY3BwaWQ,openphish_urlhaus,200,1,
d20ef032067754c5b0afad1693962f79,http://172.86.68.175/3m8D2l/lKQvsy/1f4MlBphL,1,data/raw/html/d20ef032067754c5b0afad1693962f79.html,https://learn.microsoft.com/en-us/,openphish_urlhaus,200,2,
ca1b834092e86139cc20f41376f74cb0,http://87.121.84.19/huhu/titanjr.sh4,1,data/raw/html/ca1b834092e86139cc20f41376f74cb0.html,http://10.10.10.1/UserCheck/PortalMain?IID=298FC4F4-98A1-DEF6-7D50-D6F9EA2F4BFB&origUrl=aHR0cDovLzg3LjEyMS44NC4xOS9odWh1L3RpdGFuanIuc2g0,openphish_urlhaus,200,1,
8438de6993b4b40f60c2e51468000801,http://45.131.182.177/1.exe,1,data/raw/html/8438de6993b4b40f60c2e51468000801.html,http://10.10.10.1/UserCheck/PortalMain?IID=FDA2BE9B-B5E0-2C55-A4C5-6784B0ADDA58&origUrl=aHR0cDovLzQ1LjEzMS4xODIuMTc3LzEuZXhl,openphish_urlhaus,200,1,
0701a3e80b1cf2d853532f30f4e1db22,http://178.16.54.109/3,1,data/raw/html/0701a3e80b1cf2d853532f30f4e1db22.html,http://10.10.10.1/UserCheck/PortalMain?IID=B0CC5379-EBA0-9C17-E9D4-76ABE5922EEC&origUrl=aHR0cDovLzE3OC4xNi41NC4xMDkvMw,openphish_urlhaus,200,1,
e669200215211be5d290aad2b547d268,http://158.94.211.162/3,1,data/raw/html/e669200215211be5d290aad2b547d268.html,http://10.10.10.1/UserCheck/PortalMain?IID=8D9D1D62-EF2B-D774-4894-76242FCE5EAB&origUrl=aHR0cDovLzE1OC45NC4yMTEuMTYyLzM,openphish_urlhaus,200,1,
f6e01a54395cabf00fc5a36e7991a7ac,http://85.239.147.6/files/7359455182/wugQXVn.exe,1,data/raw/html/f6e01a54395cabf00fc5a36e7991a7ac.html,https://www.google.com/,openphish_urlhaus,200,2,
aff3bdd1e2da05ebf715b69bac7f3bc7,http://94.156.152.233/bins/Space.mips,1,data/raw/html/aff3bdd1e2da05ebf715b69bac7f3bc7.html,http://10.10.10.1/UserCheck/PortalMain?IID=340E817F-3C5A-AE9C-80DE-899DEC4ACB22&origUrl=aHR0cDovLzk0LjE1Ni4xNTIuMjMzL2JpbnMvU3BhY2UubWlwcw,openphish_urlhaus,200,1,
d9341edf988359a7fb552c202dded389,http://176.65.139.67/d8b1d84ec23f2ecff0163a3ca8cdf98ef6ebb47003b3693e2c7acf0e0edefb1f_m68k,1,data/raw/html/d9341edf988359a7fb552c202dded389.html,http://10.10.10.1/UserCheck/PortalMain?IID=FF231609-9499-0AD6-F9DD-1409097FDECE&origUrl=aHR0cDovLzE3Ni42NS4xMzkuNjcvZDhiMWQ4NGVjMjNmMmVjZmYwMTYzYTNjYThjZGY5OGVmNmViYjQ3MDAzYjM2OTNlMmM3YWNmMGUwZWRlZmIxZl9tNjhr,openphish_urlhaus,200,1,
37638faabbd1e29f1cc1e36f75910680,http://176.65.139.57/bins/mips,1,data/raw/html/37638faabbd1e29f1cc1e36f75910680.html,http://10.10.10.1/UserCheck/PortalMain?IID=31F76B1D-8A77-72FE-1658-C3B166187909&origUrl=aHR0cDovLzE3Ni42NS4xMzkuNTcvYmlucy9taXBz,openphish_urlhaus,200,1,
066cad0106f43643267688953c30d2cb,http://83.142.209.47/wlan.arm,1,data/raw/html/066cad0106f43643267688953c30d2cb.html,http://10.10.10.1/UserCheck/PortalMain?IID=9B8148BB-92D0-2C53-A497-D3E5FC72A857&origUrl=aHR0cDovLzgzLjE0Mi4yMDkuNDcvd2xhbi5hcm0,openphish_urlhaus,200,1,
414e8fec3294891e48256d08438d3171,http://94.156.152.233/bins/Space.sh4,1,data/raw/html/414e8fec3294891e48256d08438d3171.html,http://10.10.10.1/UserCheck/PortalMain?IID=F8A8AC98-B7A5-D67B-F41C-C4A93C1E89D7&origUrl=aHR0cDovLzk0LjE1Ni4xNTIuMjMzL2JpbnMvU3BhY2Uuc2g0,openphish_urlhaus,200,1,
0baff7e769c46d0d72c7484d584842cb,http://94.156.152.233/bins/wget.sh,1,data/raw/html/0baff7e769c46d0d72c7484d584842cb.html,http://10.10.10.1/UserCheck/PortalMain?IID=56B75294-B16F-59B2-9CE4-27088B8AC6AF&origUrl=aHR0cDovLzk0LjE1Ni4xNTIuMjMzL2JpbnMvd2dldC5zaA,openphish_urlhaus,200,1,
65ef02ea1fc5c212a4cb9e7d6da18ad4,http://45.141.148.121/bins/spc,1,data/raw/html/65ef02ea1fc5c212a4cb9e7d6da18ad4.html,http://10.10.10.1/UserCheck/PortalMain?IID=7853283A-4B0F-5616-9C0C-60A2CDF30AB4&origUrl=aHR0cDovLzQ1LjE0MS4xNDguMTIxL2JpbnMvc3Bj,openphish_urlhaus,200,1,
1f2570ee764851ef110312536925086c,http://188.241.219.55:9000/peer.exe,1,data/raw/html/1f2570ee764851ef110312536925086c.html,http://10.10.10.1/UserCheck/PortalMain?IID=78CEB4A8-EFAB-BABB-C850-399AD2D01CDE&origUrl=aHR0cDovLzE4OC4yNDEuMjE5LjU1OjkwMDAvcGVlci5leGU,openphish_urlhaus,200,1,
2c009a5f51062f0a7129a7025ccc2c0a,http://110.36.80.166:35860/i,1,data/raw/html/2c009a5f51062f0a7129a7025ccc2c0a.html,http://10.10.10.1/UserCheck/PortalMain?IID=28CA8FA4-5A4B-E0A2-9AEE-24D7F10B92E8&origUrl=aHR0cDovLzExMC4zNi44MC4xNjY6MzU4NjAvaQ,openphish_urlhaus,200,1,
8ab9c0c21db833308374989b4e7e3eee,http://176.65.139.20/ppc,1,data/raw/html/8ab9c0c21db833308374989b4e7e3eee.html,http://10.10.10.1/UserCheck/PortalMain?IID=BC0FC1DE-035F-826B-F1C1-F7E66CFC60DA&origUrl=aHR0cDovLzE3Ni42NS4xMzkuMjAvcHBj,openphish_urlhaus,200,1,
b603742f81e6b23da958b5180160f6a7,http://85.239.147.6/files/7571480282/0ZsEYbN.exe,1,data/raw/html/b603742f81e6b23da958b5180160f6a7.html,https://www.google.com/,openphish_urlhaus,200,2,
2a2426de0684f178513a185fdb9c6a2a,http://27.204.252.240:50788/bin.sh,1,data/raw/html/2a2426de0684f178513a185fdb9c6a2a.html,http://10.10.10.1/UserCheck/PortalMain?IID=F0AB171E-B8DF-1B9C-6A06-B8E2145AC1A0&origUrl=aHR0cDovLzI3LjIwNC4yNTIuMjQwOjUwNzg4L2Jpbi5zaA,openphish_urlhaus,200,1,
17f038768f8dacbe3a8c04f8cd9b863a,https://www.dropbox.com/t/TdZoYTuggGYL7vgl,1,data/raw/html/17f038768f8dacbe3a8c04f8cd9b863a.html,https://www.dropbox.com/transfer/AAAAAGkNBceHVkuItOaOU1ZN4jHNHoGjbRo9dfPZjB3NXEjkSLOI59Q,openphish_urlhaus,200,1,
43dee70889e43cb8a312eb758a085e3c,https://ledger.updateservicepolicy.com/,1,data/raw/html/43dee70889e43cb8a312eb758a085e3c.html,https://ledger.updateservicepolicy.com/,openphish_urlhaus,200,0,
81a1a395730bfc39f71094d48a58facd,http://s8.vizja.cc/bins/x86_64,1,data/raw/html/81a1a395730bfc39f71094d48a58facd.html,http://10.10.10.1/UserCheck/PortalMain?IID=40A4785D-579A-B3CC-648B-3FDBC7ADDF74&origUrl=aHR0cDovL3M4LnZpemphLmNjL2JpbnMveDg2XzY0,openphish_urlhaus,200,1,
d697c9dbc50e1b76299a5ad6b4369532,http://179.43.182.70/bins/violetarm7,1,data/raw/html/d697c9dbc50e1b76299a5ad6b4369532.html,http://10.10.10.1/UserCheck/PortalMain?IID=7C956FD3-1572-7E5D-507C-B49DAD0BF308&origUrl=aHR0cDovLzE3OS40My4xODIuNzAvYmlucy92aW9sZXRhcm03,openphish_urlhaus,200,1,
84be7c275b656d549c84ca4494e96cb9,http://83.142.209.47/x86_64,1,data/raw/html/84be7c275b656d549c84ca4494e96cb9.html,http://10.10.10.1/UserCheck/PortalMain?IID=962AEA72-23C2-1715-44EA-5460CED453BA&origUrl=aHR0cDovLzgzLjE0Mi4yMDkuNDcveDg2XzY0,openphish_urlhaus,200,1,
7438bc8f286b1ca882e9536d13acd158,http://svc3edge.oscilloflowunit.in.net/verification.google/,1,data/raw/html/7438bc8f286b1ca882e9536d13acd158.html,http://10.10.10.1/UserCheck/PortalMain?IID=8B6E1946-1FFC-84DA-4D68-9C44A17DCF00&origUrl=aHR0cDovL3N2YzNlZGdlLm9zY2lsbG9mbG93dW5pdC5pbi5uZXQvdmVyaWZpY2F0aW9uLmdvb2dsZS8,openphish_urlhaus,200,1,
21cd415998558a231392241b2dff480a,http://87.121.79.23/huhu/titanjr.arc,1,data/raw/html/21cd415998558a231392241b2dff480a.html,http://10.10.10.1/UserCheck/PortalMain?IID=F00AF4E9-F7EE-DE72-96D9-8B8F7A62EAAF&origUrl=aHR0cDovLzg3LjEyMS43OS4yMy9odWh1L3RpdGFuanIuYXJj,openphish_urlhaus,200,1,
6c5db3141c003401ec111998e737b595,https://drive.google.com/uc?export=download&id=1my4Utq51Pb4qletOe1oX63ugWvUAAxrs,1,data/raw/html/6c5db3141c003401ec111998e737b595.html,https://drive.usercontent.google.com/download?id=1my4Utq51Pb4qletOe1oX63ugWvUAAxrs&export=download,openphish_urlhaus,200,1,
41e875be0541bc988271ef09647bba55,http://158.94.211.162/5,1,data/raw/html/41e875be0541bc988271ef09647bba55.html,http://10.10.10.1/UserCheck/PortalMain?IID=7857ED48-7232-6E67-BE77-ED821BC4CCCC&origUrl=aHR0cDovLzE1OC45NC4yMTEuMTYyLzU,openphish_urlhaus,200,1,
3b7495bb039c0329a7956c0d0a218078,http://179.43.182.70/bins/violetarm5,1,data/raw/html/3b7495bb039c0329a7956c0d0a218078.html,http://10.10.10.1/UserCheck/PortalMain?IID=5140D41A-9158-82B0-7C18-12D5F8931972&origUrl=aHR0cDovLzE3OS40My4xODIuNzAvYmlucy92aW9sZXRhcm01,openphish_urlhaus,200,1,
408ad961f1ac2eb27e3ebf74e5a83241,https://drive.google.com/uc?export=download&id=1IhjOJh6GMnYt9ri5tNZCeJ65GbOUFUCL,1,data/raw/html/408ad961f1ac2eb27e3ebf74e5a83241.html,https://drive.usercontent.google.com/download?id=1IhjOJh6GMnYt9ri5tNZCeJ65GbOUFUCL&export=download,openphish_urlhaus,200,1,
3d87c3452eada29e99f170129da2964d,http://178.16.54.109/rem.exe,1,data/raw/html/3d87c3452eada29e99f170129da2964d.html,http://10.10.10.1/UserCheck/PortalMain?IID=10E54BC7-D21F-3B19-F98D-11936296F234&origUrl=aHR0cDovLzE3OC4xNi41NC4xMDkvcmVtLmV4ZQ,openphish_urlhaus,200,1,
8ae4c0766d2d2a5366e39774313011e5,http://64.89.163.118/arkansas,1,data/raw/html/8ae4c0766d2d2a5366e39774313011e5.html,http://10.10.10.1/UserCheck/PortalMain?IID=ACD4005F-E9B7-1C3A-17E0-C1999811CA46&origUrl=aHR0cDovLzY0Ljg5LjE2My4xMTgvYXJrYW5zYXM,openphish_urlhaus,200,1,
9a59efae3081a8f43bbe3eb6328b235a,http://92.112.124.72/arm5,1,data/raw/html/9a59efae3081a8f43bbe3eb6328b235a.html,http://10.10.10.1/UserCheck/PortalMain?IID=A94D9542-3852-B198-211E-0CB28411EB9F&origUrl=aHR0cDovLzkyLjExMi4xMjQuNzIvYXJtNQ,openphish_urlhaus,200,1,
1b90350b7715c62ccc5d081bbd9a6a50,http://valfanto.com/otigfght/mprgIoi.txt,1,data/raw/html/1b90350b7715c62ccc5d081bbd9a6a50.html,http://10.10.10.1/UserCheck/PortalMain?IID=DC085699-E014-A1FF-3B12-4A1CDD37A5B5&origUrl=aHR0cDovL3ZhbGZhbnRvLmNvbS9vdGlnZmdodC9tcHJnSW9pLnR4dA,openphish_urlhaus,200,1,
584768aa4c2094d86c8c2bcec1869859,http://176.65.139.80/596a96cc7bf9108cd896f33c44aedc8a/db0fa4b8db0333367e9bda3ab68b8042.arc,1,data/raw/html/584768aa4c2094d86c8c2bcec1869859.html,http://10.10.10.1/UserCheck/PortalMain?IID=625DF17D-C768-9A36-9658-321977A1976E&origUrl=aHR0cDovLzE3Ni42NS4xMzkuODAvNTk2YTk2Y2M3YmY5MTA4Y2Q4OTZmMzNjNDRhZWRjOGEvZGIwZmE0YjhkYjAzMzMzNjdlOWJkYTNhYjY4YjgwNDIuYXJj,openphish_urlhaus,200,1,
f43f3e0f503f9d90f5ac08161f6b2b40,http://auth-sso--log--capital-i.webflow.io/,1,data/raw/html/f43f3e0f503f9d90f5ac08161f6b2b40.html,http://10.10.10.1/UserCheck/PortalMain?IID=50DC8645-89EA-56D1-A446-01716A0A658B&origUrl=aHR0cDovL2F1dGgtc3NvLS1sb2ctLWNhcGl0YWwtaS53ZWJmbG93LmlvLw,openphish_urlhaus,200,1,
6f6ddd2445f9b106bad85776c79a430a,http://s8.vizja.cc/bins/ppc,1,data/raw/html/6f6ddd2445f9b106bad85776c79a430a.html,http://10.10.10.1/UserCheck/PortalMain?IID=96432D6C-2684-43B8-05F3-FCB95BCFFDF0&origUrl=aHR0cDovL3M4LnZpemphLmNjL2JpbnMvcHBj,openphish_urlhaus,200,1,
bebc206c9b4fdf64d8f4119b950bf088,http://143.20.185.225/dl.php?t=0101011001000010010011110101010001001100010011010100000101001111&arch=httppd,1,data/raw/html/bebc206c9b4fdf64d8f4119b950bf088.html,http://10.10.10.1/UserCheck/PortalMain?IID=4625F40C-0A5C-EEF7-B73D-D83E9E2AEAA3&origUrl=aHR0cDovLzE0My4yMC4xODUuMjI1L2RsLnBocD90PTAxMDEwMTEwMDEwMDAwMTAwMTAwMTExMTAxMDEwMTAwMDEwMDExMDAwMTAwMTEwMTAxMDAwMDAxMDEwMDExMTEmYXJjaD1odHRwcGQ,openphish_urlhaus,200,1,
06f7f08b7b8467d4fe848606d4f712d4,http://87.121.84.19/huhu/titanjr.m68k,1,data/raw/html/06f7f08b7b8467d4fe848606d4f712d4.html,http://10.10.10.1/UserCheck/PortalMain?IID=7744B0FC-7ADE-5DEA-F127-1BFC41AC907D&origUrl=aHR0cDovLzg3LjEyMS44NC4xOS9odWh1L3RpdGFuanIubTY4aw,openphish_urlhaus,200,1,
f2b45dfa19e9e740e73a3fc44a9fd795,https://bre93qhl.bullymarvel.digital/?=check&&actmn=ZBcHaGaRXAgxcZWC,1,data/raw/html/f2b45dfa19e9e740e73a3fc44a9fd795.html,https://bre93qhl.bullymarvel.digital/?=check&&actmn=ZBcHaGaRXAgxcZWC,openphish_urlhaus,200,0,
c940b23b68803414d47e732eac4da38b,http://176.65.139.20/sh4,1,data/raw/html/c940b23b68803414d47e732eac4da38b.html,http://10.10.10.1/UserCheck/PortalMain?IID=EB54A0C9-578A-65C1-E890-91BBA780F360&origUrl=aHR0cDovLzE3Ni42NS4xMzkuMjAvc2g0,openphish_urlhaus,200,1,
faf082cafa1a83925b3248a546bc1d28,http://valfanto.com/bgdgvrb/amIdnja.txt,1,data/raw/html/faf082cafa1a83925b3248a546bc1d28.html,http://10.10.10.1/UserCheck/PortalMain?IID=1C151EDE-1A1C-E5B9-147B-B89B983A29FA&origUrl=aHR0cDovL3ZhbGZhbnRvLmNvbS9iZ2RndnJiL2FtSWRuamEudHh0,openphish_urlhaus,200,1,
5d3312854c3ec67059ed7aa6a18ddf93,http://110.37.40.215:33448/i,1,data/raw/html/5d3312854c3ec67059ed7aa6a18ddf93.html,http://10.10.10.1/UserCheck/PortalMain?IID=FB813F57-FF4E-2664-620C-69E94B499A59&origUrl=aHR0cDovLzExMC4zNy40MC4yMTU6MzM0NDgvaQ,openphish_urlhaus,200,1,
883013c90fe0b075d505db80ab7dc02f,http://www.website-5bdf062f.nxk.slj.mybluehost.me/,1,data/raw/html/883013c90fe0b075d505db80ab7dc02f.html,http://10.10.10.1/UserCheck/PortalMain?IID=AFA9C294-80A2-D893-C187-9517A3A917DE&origUrl=aHR0cDovL3d3dy53ZWJzaXRlLTViZGYwNjJmLm54ay5zbGoubXlibHVlaG9zdC5tZS8,openphish_urlhaus,200,1,
cbb8cdad62a8b1f54f003d429e76e864,http://158.94.211.162/3.exe,1,data/raw/html/cbb8cdad62a8b1f54f003d429e76e864.html,http://10.10.10.1/UserCheck/PortalMain?IID=36C4BF60-9EFE-EEB5-EE0C-B7C8CCE57FAB&origUrl=aHR0cDovLzE1OC45NC4yMTEuMTYyLzMuZXhl,openphish_urlhaus,200,1,
9b04fb43fef7d7bab73d5502e8fcb07f,http://www.amazon-clone-pi-nine.vercel.app/,1,data/raw/html/9b04fb43fef7d7bab73d5502e8fcb07f.html,http://10.10.10.1/UserCheck/PortalMain?IID=772DACC3-7CF6-A864-2CFA-315ECABB5D04&origUrl=aHR0cDovL3d3dy5hbWF6b24tY2xvbmUtcGktbmluZS52ZXJjZWwuYXBwLw,openphish_urlhaus,200,1,
320c8d1eb3dc307c69858a48337b650d,https://netflix-clone-cyan-six.vercel.app/,1,data/raw/html/320c8d1eb3dc307c69858a48337b650d.html,https://netflix-clone-cyan-six.vercel.app/,openphish_urlhaus,200,0,
09c5a8f1689a725504b70cb2e5d6ff2e,http://107.175.89.136/nuts/poop,1,data/raw/html/09c5a8f1689a725504b70cb2e5d6ff2e.html,http://10.10.10.1/UserCheck/PortalMain?IID=A85DF6CD-8B94-3A43-D782-C1A2015E9DF8&origUrl=aHR0cDovLzEwNy4xNzUuODkuMTM2L251dHMvcG9vcA,openphish_urlhaus,200,1,
d440c54fea1cf25daf24ab1ed197fd0c,http://27.215.180.182:42951/bin.sh,1,data/raw/html/d440c54fea1cf25daf24ab1ed197fd0c.html,http://10.10.10.1/UserCheck/PortalMain?IID=64B6DB97-33DC-3648-ACEC-6E8785A69E41&origUrl=aHR0cDovLzI3LjIxNS4xODAuMTgyOjQyOTUxL2Jpbi5zaA,openphish_urlhaus,200,1,
59628fed70472e6d77fe7bc9a60a1459,http://2.56.10.144/main_m68k,1,data/raw/html/59628fed70472e6d77fe7bc9a60a1459.html,http://10.10.10.1/UserCheck/PortalMain?IID=8D768B6F-7652-756C-76D6-987EF44D8EC1&origUrl=aHR0cDovLzIuNTYuMTAuMTQ0L21haW5fbTY4aw,openphish_urlhaus,200,1,
3f187d1d09f790cf7628f41175aaa6c0,http://85.239.147.6/files/7048186296/a8cOT32.exe,1,data/raw/html/3f187d1d09f790cf7628f41175aaa6c0.html,https://www.google.com/,openphish_urlhaus,200,2,
7e460bf47b1686d86c41b20eccbabd63,http://85.239.147.6/files/8317177049/xG9J7pF.exe,1,data/raw/html/7e460bf47b1686d86c41b20eccbabd63.html,https://www.google.com/,openphish_urlhaus,200,2,
fb8f91c287bcc08f338460a183711845,http://43.228.157.123/oqqqqoa.mp3,1,data/raw/html/fb8f91c287bcc08f338460a183711845.html,http://10.10.10.1/UserCheck/PortalMain?IID=E0EF5529-0547-B1C9-6224-730F8517CBEA&origUrl=aHR0cDovLzQzLjIyOC4xNTcuMTIzL29xcXFxb2EubXAz,openphish_urlhaus,200,1,
42f5e89cfd3a18a69365e765ccb603b9,http://94.156.152.233/bins/Space.arm7,1,data/raw/html/42f5e89cfd3a18a69365e765ccb603b9.html,http://10.10.10.1/UserCheck/PortalMain?IID=5A99CEF7-54F4-D32D-649F-DC6558BF752C&origUrl=aHR0cDovLzk0LjE1Ni4xNTIuMjMzL2JpbnMvU3BhY2UuYXJtNw,openphish_urlhaus,200,1,
b0ed4dda01a25848526777ca5ab79ca7,http://85.239.147.6/files/8316621590/q4bDNVB.exe,1,data/raw/html/b0ed4dda01a25848526777ca5ab79ca7.html,https://www.google.com/,openphish_urlhaus,200,2,
31c94c4199e7c95d5570c21146ffc971,http://176.65.139.20/mpsl,1,data/raw/html/31c94c4199e7c95d5570c21146ffc971.html,http://10.10.10.1/UserCheck/PortalMain?IID=872B7BC0-A1C0-73EF-B067-59EC0AD12E14&origUrl=aHR0cDovLzE3Ni42NS4xMzkuMjAvbXBzbA,openphish_urlhaus,200,1,
7cbda0bd1b811832553eccb616e689cf,http://85.239.147.6/files/unique5/random.exe,1,data/raw/html/7cbda0bd1b811832553eccb616e689cf.html,https://www.google.com/,openphish_urlhaus,200,2,
7de11a06f789a8f930623109be7c2ff7,http://94.156.152.67/bot_windows.exe,1,data/raw/html/7de11a06f789a8f930623109be7c2ff7.html,http://10.10.10.1/UserCheck/PortalMain?IID=9D241A36-07D0-9D92-AD12-5663B74A3505&origUrl=aHR0cDovLzk0LjE1Ni4xNTIuNjcvYm90X3dpbmRvd3MuZXhl,openphish_urlhaus,200,1,
97662b166185d6e2d705395eee9f474c,http://209.54.102.132/Granad244.pcz,1,data/raw/html/97662b166185d6e2d705395eee9f474c.html,http://10.10.10.1/UserCheck/PortalMain?IID=0C3268AE-7EEC-BD64-EB86-3D5049F7A82D&origUrl=aHR0cDovLzIwOS41NC4xMDIuMTMyL0dyYW5hZDI0NC5wY3o,openphish_urlhaus,200,1,
fcdc27c430827a3df246b0f2621e80b0,http://172.94.9.250/d/xxx59361,1,data/raw/html/fcdc27c430827a3df246b0f2621e80b0.html,http://10.10.10.1/UserCheck/PortalMain?IID=2AA5A45E-68CD-E333-8212-4579C7C101FE&origUrl=aHR0cDovLzE3Mi45NC45LjI1MC9kL3h4eDU5MzYx,openphish_urlhaus,200,1,
1b5d6c6175f48800716b6bc8eca83639,http://83.142.209.47/nullnet_load.x86_64,1,data/raw/html/1b5d6c6175f48800716b6bc8eca83639.html,http://10.10.10.1/UserCheck/PortalMain?IID=A822C61D-CDAA-7329-BF84-F1E7A40513F2&origUrl=aHR0cDovLzgzLjE0Mi4yMDkuNDcvbnVsbG5ldF9sb2FkLng4Nl82NA,openphish_urlhaus,200,1,
76729ae134623e7b76d3c051b5250375,http://176.65.139.57/bins/arm6,1,data/raw/html/76729ae134623e7b76d3c051b5250375.html,http://10.10.10.1/UserCheck/PortalMain?IID=34EC1427-AD28-B1AA-ED30-A5CB6E0FBC62&origUrl=aHR0cDovLzE3Ni42NS4xMzkuNTcvYmlucy9hcm02,openphish_urlhaus,200,1,
f87de340d6e5ee756c002c6251088a4e,http://83.142.209.47/nullnet_load.x86,1,data/raw/html/f87de340d6e5ee756c002c6251088a4e.html,http://10.10.10.1/UserCheck/PortalMain?IID=DD0DEC33-A8C2-89D6-15AA-B0EC42636AFD&origUrl=aHR0cDovLzgzLjE0Mi4yMDkuNDcvbnVsbG5ldF9sb2FkLng4Ng,openphish_urlhaus,200,1,
531ad65e5e7bc9b9a6b40a55b97a967f,https://puremartbd.shop/zzms/ZoomWorkspace_JViVMy7g_installer.msi,1,data/raw/html/531ad65e5e7bc9b9a6b40a55b97a967f.html,https://puremartbd.shop/cgi-sys/suspendedpage.cgi,openphish_urlhaus,200,1,
a7fdd1c6b47593ca6450d5905af89fc5,https://drive.google.com/uc?export=download&id=1k2pTDVgZuxdMP-8arWNLnzy77kt_2KvM,1,data/raw/html/a7fdd1c6b47593ca6450d5905af89fc5.html,https://drive.usercontent.google.com/download?id=1k2pTDVgZuxdMP-8arWNLnzy77kt_2KvM&export=download,openphish_urlhaus,200,1,
095b8c9f67a0e1e4259a998d7708d839,http://209.54.102.132/ILitOryfRMXTjathX140.bin,1,data/raw/html/095b8c9f67a0e1e4259a998d7708d839.html,http://10.10.10.1/UserCheck/PortalMain?IID=D77A7DAD-9BF6-C9C2-B9E9-EDED4F9B3ECC&origUrl=aHR0cDovLzIwOS41NC4xMDIuMTMyL0lMaXRPcnlmUk1YVGphdGhYMTQwLmJpbg,openphish_urlhaus,200,1,
fd019dee748db4b85c7c4a3043c76742,http://85.239.147.6/files/638251020/aMe4P4o.exe,1,data/raw/html/fd019dee748db4b85c7c4a3043c76742.html,https://www.google.com/,openphish_urlhaus,200,2,
92937e9861b7092590efca26fa2fcbb1,http://epymb.n1ghtlark.in.net/verification.google/,1,data/raw/html/92937e9861b7092590efca26fa2fcbb1.html,http://10.10.10.1/UserCheck/PortalMain?IID=964A954B-1450-8274-F2B7-D2E3B4883C9B&origUrl=aHR0cDovL2VweW1iLm4xZ2h0bGFyay5pbi5uZXQvdmVyaWZpY2F0aW9uLmdvb2dsZS8,openphish_urlhaus,200,1,
8946e62cdef9b7c69de01b53c33d23fd,http://needlshore.si1kforge.in.net/verification.google/,1,data/raw/html/8946e62cdef9b7c69de01b53c33d23fd.html,http://10.10.10.1/UserCheck/PortalMain?IID=ADFFE711-0459-B583-CDAC-BEAAB0940DE2&origUrl=aHR0cDovL25lZWRsc2hvcmUuc2kxa2ZvcmdlLmluLm5ldC92ZXJpZmljYXRpb24uZ29vZ2xlLw,openphish_urlhaus,200,1,
979874253db2f686b8e12584af9cf622,http://196.190.69.149:56763/bin.sh,1,data/raw/html/979874253db2f686b8e12584af9cf622.html,http://10.10.10.1/UserCheck/PortalMain?IID=50B9E9F7-4C2D-BA88-F9E9-A1BBE4E0AB12&origUrl=aHR0cDovLzE5Ni4xOTAuNjkuMTQ5OjU2NzYzL2Jpbi5zaA,openphish_urlhaus,200,1,
6858fb06bc6676fbb0f3b08a322ca83a,http://78.153.140.16/for,1,data/raw/html/6858fb06bc6676fbb0f3b08a322ca83a.html,http://10.10.10.1/UserCheck/PortalMain?IID=FA8EF5A7-03A7-EE17-0C48-2EF0BDDDB634&origUrl=aHR0cDovLzc4LjE1My4xNDAuMTYvZm9y,openphish_urlhaus,200,1,
818eece1022afb4348d0651b1aca0d94,http://85.239.147.6/files/8301037712/kjhNIxP.bat,1,data/raw/html/818eece1022afb4348d0651b1aca0d94.html,https://www.google.com/,openphish_urlhaus,200,2,
360f89af757fd7e628ca6c00ca11c4fa,http://www.trezo-wallet.vercel.app/,1,data/raw/html/360f89af757fd7e628ca6c00ca11c4fa.html,http://10.10.10.1/UserCheck/PortalMain?IID=17DA2AC6-59C6-4444-5A08-B2999FEBEB7D&origUrl=aHR0cDovL3d3dy50cmV6by13YWxsZXQudmVyY2VsLmFwcC8,openphish_urlhaus,200,1,
653bb26eefa9c667cd958fe1cc5188d1,http://195.178.110.204/armv4l,1,data/raw/html/653bb26eefa9c667cd958fe1cc5188d1.html,http://10.10.10.1/UserCheck/PortalMain?IID=0DE73FDD-D4D9-FA74-C6B2-B47E953105BD&origUrl=aHR0cDovLzE5NS4xNzguMTEwLjIwNC9hcm12NGw,openphish_urlhaus,200,1,
b0e6236277a1d85f1e0304c7dc4af6ee,http://158.94.209.95/service,1,data/raw/html/b0e6236277a1d85f1e0304c7dc4af6ee.html,http://10.10.10.1/UserCheck/PortalMain?IID=53FCE64E-B9E9-2BEF-5709-9E09BF54A8FC&origUrl=aHR0cDovLzE1OC45NC4yMDkuOTUvc2VydmljZQ,openphish_urlhaus,200,1,
ae7ae86c813ba1b23e12f24674387ad7,http://tr.padisahbetgiris3.cc/,1,data/raw/html/ae7ae86c813ba1b23e12f24674387ad7.html,http://10.10.10.1/UserCheck/PortalMain?IID=567E6CCD-AC55-AE25-DCF6-9FCD30CB3193&origUrl=aHR0cDovL3RyLnBhZGlzYWhiZXRnaXJpczMuY2Mv,openphish_urlhaus,200,1,
f7ac75d377b35cc3e083fa52f3f01672,http://www.gidingmolikng-us.godaddysites.com/,1,data/raw/html/f7ac75d377b35cc3e083fa52f3f01672.html,http://10.10.10.1/UserCheck/PortalMain?IID=01881311-26E2-892A-0551-ED7ED8246707&origUrl=aHR0cDovL3d3dy5naWRpbmdtb2xpa25nLXVzLmdvZGFkZHlzaXRlcy5jb20v,openphish_urlhaus,200,1,
622b2eedeaf5f672d98bfb1df2431353,http://85.239.147.6/files/8434554557/X8cqVrA.exe,1,data/raw/html/622b2eedeaf5f672d98bfb1df2431353.html,https://www.google.com/,openphish_urlhaus,200,2,
11c7736e5c5768c65dee566461777fff,https://kl0ub3sc.goldbox.digital/?=check&&actmn=etWvwISQlinByRGD,1,data/raw/html/11c7736e5c5768c65dee566461777fff.html,https://kl0ub3sc.goldbox.digital/?=check&&actmn=etWvwISQlinByRGD,openphish_urlhaus,200,0,
fe6c71524756b720949b41e1b2f66ea8,http://222.127.226.53:42396/i,1,data/raw/html/fe6c71524756b720949b41e1b2f66ea8.html,http://10.10.10.1/UserCheck/PortalMain?IID=8652418D-B463-4CAE-C355-C2C9747F97F9&origUrl=aHR0cDovLzIyMi4xMjcuMjI2LjUzOjQyMzk2L2k,openphish_urlhaus,200,1,
dd0825936eea2c2759c45d7aa9dea6ee,http://94.156.152.238/bins/pmips,1,data/raw/html/dd0825936eea2c2759c45d7aa9dea6ee.html,http://10.10.10.1/UserCheck/PortalMain?IID=6C1B6BE3-1C49-6ACF-9DB9-EDAF5DFEE1B6&origUrl=aHR0cDovLzk0LjE1Ni4xNTIuMjM4L2JpbnMvcG1pcHM,openphish_urlhaus,200,1,
057df183fc1060357bdc880637bdbfe4,http://solvaleix1.quick-fern.in.net/verification.google/,1,data/raw/html/057df183fc1060357bdc880637bdbfe4.html,http://10.10.10.1/UserCheck/PortalMain?IID=384A0135-59E6-B336-55EB-CA6F6AD89CD1&origUrl=aHR0cDovL3NvbHZhbGVpeDEucXVpY2stZmVybi5pbi5uZXQvdmVyaWZpY2F0aW9uLmdvb2dsZS8,openphish_urlhaus,200,1,
580db7ee4525dae4e5ce19f844020207,http://sendsecure.eu/s/63BZGFSVBWSFCDX7Y9/584dd8/90eab167-7429-489f-99f6-ce86e8d0d81a,1,data/raw/html/580db7ee4525dae4e5ce19f844020207.html,http://10.10.10.1/UserCheck/PortalMain?IID=E4CFC11B-B8DE-E381-9416-28D6757A07D0&origUrl=aHR0cDovL3NlbmRzZWN1cmUuZXUvcy82M0JaR0ZTVkJXU0ZDRFg3WTkvNTg0ZGQ4LzkwZWFiMTY3LTc0MjktNDg5Zi05OWY2LWNlODZlOGQwZDgxYQ,openphish_urlhaus,200,1,
7e72794cedd731b92dc9ef9db43d9f35,http://87.121.84.19/huhu/titanjr.mipsl,1,data/raw/html/7e72794cedd731b92dc9ef9db43d9f35.html,http://10.10.10.1/UserCheck/PortalMain?IID=7F35A0D5-5EAA-052D-7D11-A066D8E28FFE&origUrl=aHR0cDovLzg3LjEyMS44NC4xOS9odWh1L3RpdGFuanIubWlwc2w,openphish_urlhaus,200,1,
7522965e54a507bbd062fd7e1fdb3e5f,http://176.65.139.96/ohshit.sh,1,data/raw/html/7522965e54a507bbd062fd7e1fdb3e5f.html,http://10.10.10.1/UserCheck/PortalMain?IID=5097B18D-9D22-DC94-DDD1-53DB77C02060&origUrl=aHR0cDovLzE3Ni42NS4xMzkuOTYvb2hzaGl0LnNo,openphish_urlhaus,200,1,
b965902869e63ad5fb064fc136b9395e,http://195.178.110.204/armv7l,1,data/raw/html/b965902869e63ad5fb064fc136b9395e.html,http://10.10.10.1/UserCheck/PortalMain?IID=7ED8A10C-5C70-0532-3F23-D1369B2305E7&origUrl=aHR0cDovLzE5NS4xNzguMTEwLjIwNC9hcm12N2w,openphish_urlhaus,200,1,
312786e2fa44a2bbd6378a3c6b292034,http://2.56.10.144/main_ppc,1,data/raw/html/312786e2fa44a2bbd6378a3c6b292034.html,http://10.10.10.1/UserCheck/PortalMain?IID=C59CE994-5976-E836-461D-B0100A53911E&origUrl=aHR0cDovLzIuNTYuMTAuMTQ0L21haW5fcHBj,openphish_urlhaus,200,1,
9c99cd49f9c84990e8acc990396f75b9,http://176.65.139.48/sora.arm6,1,data/raw/html/9c99cd49f9c84990e8acc990396f75b9.html,http://10.10.10.1/UserCheck/PortalMain?IID=BD89FF1D-9558-1160-90B6-1F1F75DD653F&origUrl=aHR0cDovLzE3Ni42NS4xMzkuNDgvc29yYS5hcm02,openphish_urlhaus,200,1,
c2dfd43b5dae1f337fedeab7252e3a02,http://158.94.211.162/10.exe,1,data/raw/html/c2dfd43b5dae1f337fedeab7252e3a02.html,http://10.10.10.1/UserCheck/PortalMain?IID=4905ADA4-DE96-B5E2-70C7-63B75F25E3FA&origUrl=aHR0cDovLzE1OC45NC4yMTEuMTYyLzEwLmV4ZQ,openphish_urlhaus,200,1,
68af36372adcc54c62283b4de40e5070,http://kucoinsignin-application.webflow.io/,1,data/raw/html/68af36372adcc54c62283b4de40e5070.html,http://10.10.10.1/UserCheck/PortalMain?IID=6E87FCBA-82BC-9064-E35D-607E0456A05A&origUrl=aHR0cDovL2t1Y29pbnNpZ25pbi1hcHBsaWNhdGlvbi53ZWJmbG93LmlvLw,openphish_urlhaus,200,1,
42f21f2705c62f77373b19c0f770af38,https://en-desktop-us.wixstudio.com/start,1,data/raw/html/42f21f2705c62f77373b19c0f770af38.html,https://en-desktop-us.wixstudio.com/start,openphish_urlhaus,200,0,
581c0999f6ad5cba0d29a4279558d9a6,http://sym0re.github.io/Netflix-Clone-2025,1,data/raw/html/581c0999f6ad5cba0d29a4279558d9a6.html,http://10.10.10.1/UserCheck/PortalMain?IID=26188A98-C9B2-DE0B-543D-15F2E1089ADB&origUrl=aHR0cDovL3N5bTByZS5naXRodWIuaW8vTmV0ZmxpeC1DbG9uZS0yMDI1,openphish_urlhaus,200,1,
015375beb08463451c43eafbdef50f36,https://data-analysis-explore.xyz/ja,1,data/raw/html/015375beb08463451c43eafbdef50f36.html,https://data-analysis-explore.xyz/ja/,openphish_urlhaus,200,1,
3057a57307a6ed88ad8af2559910d4cb,http://87.121.84.19/huhu/titanjr.i686,1,data/raw/html/3057a57307a6ed88ad8af2559910d4cb.html,http://10.10.10.1/UserCheck/PortalMain?IID=0BA19994-9D0F-AF0B-1C78-42FF6CCF1662&origUrl=aHR0cDovLzg3LjEyMS44NC4xOS9odWh1L3RpdGFuanIuaTY4Ng,openphish_urlhaus,200,1,
794c8bf736287a6557c4b943f56cc679,http://158.94.211.162/blof,1,data/raw/html/794c8bf736287a6557c4b943f56cc679.html,http://10.10.10.1/UserCheck/PortalMain?IID=B237EA59-7CFE-7638-D76B-B4FBC196B2F0&origUrl=aHR0cDovLzE1OC45NC4yMTEuMTYyL2Jsb2Y,openphish_urlhaus,200,1,
85a646b6542f06d4aaf6f6527c83732b,http://msk1infra.datacenterstream.in.net/verification.google/,1,data/raw/html/85a646b6542f06d4aaf6f6527c83732b.html,http://10.10.10.1/UserCheck/PortalMain?IID=F1316A15-CDE3-22A3-2BCB-E276547D5A5B&origUrl=aHR0cDovL21zazFpbmZyYS5kYXRhY2VudGVyc3RyZWFtLmluLm5ldC92ZXJpZmljYXRpb24uZ29vZ2xlLw,openphish_urlhaus,200,1,
7f41314b596f4e23cb2afa791562320c,http://sso-netcoins----com-cdn-k--nav.webflow.io/,1,data/raw/html/7f41314b596f4e23cb2afa791562320c.html,http://10.10.10.1/UserCheck/PortalMain?IID=F6C1D7F7-B1CF-D2C9-D040-19F41D5FFE7A&origUrl=aHR0cDovL3Nzby1uZXRjb2lucy0tLS1jb20tY2RuLWstLW5hdi53ZWJmbG93LmlvLw,openphish_urlhaus,200,1,
0a63f5c3910e9ef192ca1b8474f35720,https://download2343.mediafire.com/48b2hwddxohghJzAVLAZ4mAhiW8tqj1d5THJQlCsS1jafUnp-Yu37gGxisPkRn6FBo1bxaPdfUJEO6123_NBsGs6uznelnnBjZb9atFny64LdCa-IGKnt3cg3--TP0iXXaN2w_G5G2PGIvzcKF0R3UDa2_YvxucvJr0n-bcs7vlLCA/lv2xyfq7r6aqedg/antic.pdf,1,data/raw/html/0a63f5c3910e9ef192ca1b8474f35720.html,https://www.mediafire.com/download_repair.php?flag=4&dkey=48b2hwddxohghJzAVLAZ4mAhiW8tqj1d5THJQlCsS1jafUnp-Yu37gGxisPkRn6FBo1bxaPdfUJEO6123_NBsGs6uznelnnBjZb9atFny64LdCa-IGKnt3cg3--TP0iXXaN2w_G5G2PGIvzcKF0R3UDa2_YvxucvJr0n-bcs7vlLCA&qkey=lv2xyfq7r6aqedg&ip=103.217.237.55,openphish_urlhaus,200,1,
4098e43dd8c0f4388c3c12dc8db35078,http://107.173.143.35/912/hx0/seethebestfeelingformybestpc.hta,1,data/raw/html/4098e43dd8c0f4388c3c12dc8db35078.html,http://10.10.10.1/UserCheck/PortalMain?IID=C7AC5D8F-55EB-48C0-5898-D687DE1005F6&origUrl=aHR0cDovLzEwNy4xNzMuMTQzLjM1LzkxMi9oeDAvc2VldGhlYmVzdGZlZWxpbmdmb3JteWJlc3RwYy5odGE,openphish_urlhaus,200,1,
ced3944e56f5b09e65998a1d07937825,http://wire2spell.com/1.rar,1,data/raw/html/ced3944e56f5b09e65998a1d07937825.html,http://10.10.10.1/UserCheck/PortalMain?IID=9510D1B0-BDFC-DF21-FE04-FCEF3C664CBE&origUrl=aHR0cDovL3dpcmUyc3BlbGwuY29tLzEucmFy,openphish_urlhaus,200,1,
80ab0d8a3fb80849bc16eda688a2b44b,http://179.43.182.70/bins/violetsh4,1,data/raw/html/80ab0d8a3fb80849bc16eda688a2b44b.html,http://10.10.10.1/UserCheck/PortalMain?IID=829C4E63-21A0-B268-9854-5472AF59EAFD&origUrl=aHR0cDovLzE3OS40My4xODIuNzAvYmlucy92aW9sZXRzaDQ,openphish_urlhaus,200,1,
cc4b1757cdf0403c29c87c70fa1d9721,https://eleventy-govuk.vercel.app/,1,data/raw/html/cc4b1757cdf0403c29c87c70fa1d9721.html,https://eleventy-govuk.vercel.app/,openphish_urlhaus,200,0,
44169e45623117d0920afe407004e5a4,http://178.16.54.109/xmrget.exe,1,data/raw/html/44169e45623117d0920afe407004e5a4.html,http://10.10.10.1/UserCheck/PortalMain?IID=AC43D6D5-22BA-F557-918E-D500B4AA8D06&origUrl=aHR0cDovLzE3OC4xNi41NC4xMDkveG1yZ2V0LmV4ZQ,openphish_urlhaus,200,1,
1b0993decd5831b03560943eb259df94,http://hub1sync.terminaldataprocessor.in.net/verification.google/,1,data/raw/html/1b0993decd5831b03560943eb259df94.html,http://10.10.10.1/UserCheck/PortalMain?IID=D0FEA71A-91BF-1BDF-251B-D70361F29014&origUrl=aHR0cDovL2h1YjFzeW5jLnRlcm1pbmFsZGF0YXByb2Nlc3Nvci5pbi5uZXQvdmVyaWZpY2F0aW9uLmdvb2dsZS8,openphish_urlhaus,200,1,
e3773fffbdf7fc06ec5ad88cf201aa18,http://94.156.152.67/botguaymolonl7_arm7,1,data/raw/html/e3773fffbdf7fc06ec5ad88cf201aa18.html,http://10.10.10.1/UserCheck/PortalMain?IID=4A334234-DC1C-ED0F-049C-8F0A7E0C8FD7&origUrl=aHR0cDovLzk0LjE1Ni4xNTIuNjcvYm90Z3VheW1vbG9ubDdfYXJtNw,openphish_urlhaus,200,1,
b9ea3e53d398276e7aee7f81333d3f84,https://notifyhubss.net/1cf1c07aa5400c416egb065e32b0d37b3ef6.html,1,data/raw/html/b9ea3e53d398276e7aee7f81333d3f84.html,https://notifyhubss.net/1cf1c07aa5400c416egb065e32b0d37b3ef6.html,openphish_urlhaus,200,0,
3a03ef96eb78f2532aec55a8fa1a5a16,http://158.94.211.162/1,1,data/raw/html/3a03ef96eb78f2532aec55a8fa1a5a16.html,http://10.10.10.1/UserCheck/PortalMain?IID=4BC6B5CD-0756-F9D4-1A7A-3806B55F99B6&origUrl=aHR0cDovLzE1OC45NC4yMTEuMTYyLzE,openphish_urlhaus,200,1,
8e8c49cf2286b4db665214e5651784ae,http://45.141.148.121/s.sh,1,data/raw/html/8e8c49cf2286b4db665214e5651784ae.html,http://10.10.10.1/UserCheck/PortalMain?IID=8E89C56C-D02F-070F-9E69-4968CE6E02FC&origUrl=aHR0cDovLzQ1LjE0MS4xNDguMTIxL3Muc2g,openphish_urlhaus,200,1,
bacfedd766d3df54920634d7211100df,http://83.142.209.47/x,1,data/raw/html/bacfedd766d3df54920634d7211100df.html,http://10.10.10.1/UserCheck/PortalMain?IID=77732691-3E7C-7AE6-849F-33AFBC25A2DD&origUrl=aHR0cDovLzgzLjE0Mi4yMDkuNDcveA,openphish_urlhaus,200,1,
717228bb6f9ede894be63735c8ca7b05,http://120.28.169.1:39627/i,1,data/raw/html/717228bb6f9ede894be63735c8ca7b05.html,http://10.10.10.1/UserCheck/PortalMain?IID=485C937D-73E6-25AD-9784-DF761064B21F&origUrl=aHR0cDovLzEyMC4yOC4xNjkuMTozOTYyNy9p,openphish_urlhaus,200,1,
72e93a9dcdfa5e877113d6e15811e46b,http://inewsnm-formpylaters.innocentindo.my.id/,1,data/raw/html/72e93a9dcdfa5e877113d6e15811e46b.html,http://10.10.10.1/UserCheck/PortalMain?IID=E763BC39-5682-266E-BFE2-2962FBFEC7BD&origUrl=aHR0cDovL2luZXdzbm0tZm9ybXB5bGF0ZXJzLmlubm9jZW50aW5kby5teS5pZC8,openphish_urlhaus,200,1,
57fcca5d605f9f14d6eb73d4e847526e,https://amazon-clone-nine.vercel.app/,1,data/raw/html/57fcca5d605f9f14d6eb73d4e847526e.html,https://amazon-clone-nine.vercel.app/,openphish_urlhaus,200,0,
9d1a0c0f2a83f43800a16f82e999aef0,http://ssl.insurace-rate.net/s/63BZGFSVBWSFCDX7Y9/584dd8/90eab167-7429-489f-99f6-ce86e8d0d81a,1,data/raw/html/9d1a0c0f2a83f43800a16f82e999aef0.html,http://ssl.insurace-rate.net/s/63BZGFSVBWSFCDX7Y9/584dd8/90eab167-7429-489f-99f6-ce86e8d0d81a,openphish_urlhaus,200,0,
656d9fcebe48b4d7bb2d82f31c38a198,http://85.239.147.6/files/77546367/5akgVVn.exe,1,data/raw/html/656d9fcebe48b4d7bb2d82f31c38a198.html,https://www.google.com/,openphish_urlhaus,200,2,
735b419e7823982a51878dfa8c3cdbc7,http://212.64.201.57/main_arm5,1,data/raw/html/735b419e7823982a51878dfa8c3cdbc7.html,http://10.10.10.1/UserCheck/PortalMain?IID=81509761-FDFE-6DFC-98AC-1407890463C0&origUrl=aHR0cDovLzIxMi42NC4yMDEuNTcvbWFpbl9hcm01,openphish_urlhaus,200,1,
dcad9c46594bec89e3a85242e09bab31,http://85.239.147.6/files/6728144278/MjTrgLJ.exe,1,data/raw/html/dcad9c46594bec89e3a85242e09bab31.html,https://www.google.com/,openphish_urlhaus,200,2,
2bafb2e0f6d12805ef6a87742d94ea16,http://80.67.33.209:50245/bin.sh,1,data/raw/html/2bafb2e0f6d12805ef6a87742d94ea16.html,http://10.10.10.1/UserCheck/PortalMain?IID=3B601B45-6336-D591-376C-EBFD5A52FC9F&origUrl=aHR0cDovLzgwLjY3LjMzLjIwOTo1MDI0NS9iaW4uc2g,openphish_urlhaus,200,1,
228b2c0502a6c1bab6120daf2a6f48bd,http://87.121.84.19/huhu/titanjr.i486,1,data/raw/html/228b2c0502a6c1bab6120daf2a6f48bd.html,http://10.10.10.1/UserCheck/PortalMain?IID=1FCECACF-68C1-509D-FFDC-D3EF372E924B&origUrl=aHR0cDovLzg3LjEyMS44NC4xOS9odWh1L3RpdGFuanIuaTQ4Ng,openphish_urlhaus,200,1,
1f7992d3fa3575502d251f6e67b1daaf,http://123.12.238.198:39150/i,1,data/raw/html/1f7992d3fa3575502d251f6e67b1daaf.html,http://10.10.10.1/UserCheck/PortalMain?IID=BCB204D9-5A7D-BB39-ED13-028EAF137D49&origUrl=aHR0cDovLzEyMy4xMi4yMzguMTk4OjM5MTUwL2k,openphish_urlhaus,200,1,
2b3d4950a6a9f90614cf13b0f7f2acc2,http://196.251.107.133/bins/parm,1,data/raw/html/2b3d4950a6a9f90614cf13b0f7f2acc2.html,http://10.10.10.1/UserCheck/PortalMain?IID=69D5CEE5-4B54-CFE9-E1E9-5E7128776E5B&origUrl=aHR0cDovLzE5Ni4yNTEuMTA3LjEzMy9iaW5zL3Bhcm0,openphish_urlhaus,200,1,
18f8b6c4cac2c54b6ff9b73163d64d31,http://121.37.40.52/q,1,data/raw/html/18f8b6c4cac2c54b6ff9b73163d64d31.html,http://10.10.10.1/UserCheck/PortalMain?IID=78E6677C-ADF8-A8A8-DE99-445F0320C561&origUrl=aHR0cDovLzEyMS4zNy40MC41Mi9x,openphish_urlhaus,200,1,
e74c39c3305ea6d49eecd5afa1cfc800,https://super-simpel-proj.vercel.app/,1,data/raw/html/e74c39c3305ea6d49eecd5afa1cfc800.html,https://super-simpel-proj.vercel.app/,openphish_urlhaus,200,0,
67e492f961da8b72e1f679e01552f2d6,http://212.64.201.57/main_x86,1,data/raw/html/67e492f961da8b72e1f679e01552f2d6.html,http://10.10.10.1/UserCheck/PortalMain?IID=CA136F0A-FFAE-2AF7-A852-4290EF42A745&origUrl=aHR0cDovLzIxMi42NC4yMDEuNTcvbWFpbl94ODY,openphish_urlhaus,200,1,
c9ea230ca0c20045b0d5ea4e4898bc99,http://158.94.211.101/,1,data/raw/html/c9ea230ca0c20045b0d5ea4e4898bc99.html,http://158.94.211.101/,openphish_urlhaus,200,0,
8bbd30ed291f82d8edcaccd70c56b85e,http://78.153.140.16/libsystem.so,1,data/raw/html/8bbd30ed291f82d8edcaccd70c56b85e.html,http://10.10.10.1/UserCheck/PortalMain?IID=D0797073-E6A4-9991-DB8A-C9A6F3AC762D&origUrl=aHR0cDovLzc4LjE1My4xNDAuMTYvbGlic3lzdGVtLnNv,openphish_urlhaus,200,1,
8ffdefbdec956b595d257f0aaeefd623,https://www.google.com,0,data/raw/html/8ffdefbdec956b595d257f0aaeefd623.html,https://www.google.com/,tranco_top,200,0,
8ffdefbdec956b595d257f0aaeefd623,https://www.google.com,0,data/raw/html/8ffdefbdec956b595d257f0aaeefd623.html,https://www.google.com,tranco_top,200,0,
c137682bbb0946674f25d1d4bd9e07a0,https://www.python.org,0,data/raw/html/c137682bbb0946674f25d1d4bd9e07a0.html,https://www.python.org/,tranco_top,200,0,
8d1d8a3956ab5668e1da4e3e7f856f08,https://www.wikipedia.org,0,data/raw/html/8d1d8a3956ab5668e1da4e3e7f856f08.html,https://www.wikipedia.org/,tranco_top,200,0,
9c29616a67ddd65de6607d389aeaecc9,https://www.cloudflare.com,0,data/raw/html/9c29616a67ddd65de6607d389aeaecc9.html,https://www.cloudflare.com/,tranco_top,200,0,
8d1d8a3956ab5668e1da4e3e7f856f08,https://www.wikipedia.org,0,data/raw/html/8d1d8a3956ab5668e1da4e3e7f856f08.html,https://www.wikipedia.org/,tranco_top,200,0,
1895ab41ad3a81f6fd0a194bbc337a22,https://www.github.com,0,data/raw/html/1895ab41ad3a81f6fd0a194bbc337a22.html,https://github.com/,tranco_top,200,1,
30dd8fd5626b7e36783516a6e238baf2,https://www.reddit.com,0,data/raw/html/30dd8fd5626b7e36783516a6e238baf2.html,https://www.reddit.com/,tranco_top,200,0,
82cc5b2a23492c33d2115e3a27bfcbec,https://www.apple.com,0,data/raw/html/82cc5b2a23492c33d2115e3a27bfcbec.html,https://www.apple.com/,tranco_top,200,0,
86f59539dd529bf08baac69ebfca0e7b,https://www.amazon.com,0,data/raw/html/86f59539dd529bf08baac69ebfca0e7b.html,https://www.amazon.com/,tranco_top,200,0,
c137682bbb0946674f25d1d4bd9e07a0,https://www.python.org,0,data/raw/html/c137682bbb0946674f25d1d4bd9e07a0.html,https://www.python.org,tranco_top,200,0,
9c29616a67ddd65de6607d389aeaecc9,https://www.cloudflare.com,0,data/raw/html/9c29616a67ddd65de6607d389aeaecc9.html,https://www.cloudflare.com,tranco_top,200,0,
1a9310bc32b0da66ba564aae8ae0f6ef,https://www.mozilla.org,0,data/raw/html/1a9310bc32b0da66ba564aae8ae0f6ef.html,https://www.mozilla.org/,tranco_top,200,0,
d245406cb6c9f36be9064c92c34e12e1,https://www.youtube.com,0,data/raw/html/d245406cb6c9f36be9064c92c34e12e1.html,https://www.youtube.com/,tranco_top,200,0,
1895ab41ad3a81f6fd0a194bbc337a22,https://www.github.com,0,data/raw/html/1895ab41ad3a81f6fd0a194bbc337a22.html,https://github.com/,tranco_top,200,1,
8ffdefbdec956b595d257f0aaeefd623,https://www.google.com,0,data/raw/html/8ffdefbdec956b595d257f0aaeefd623.html,https://www.google.com,tranco_top,200,0,
d245406cb6c9f36be9064c92c34e12e1,https://www.youtube.com,0,data/raw/html/d245406cb6c9f36be9064c92c34e12e1.html,https://www.youtube.com,tranco_top,200,0,
8d1d8a3956ab5668e1da4e3e7f856f08,https://www.wikipedia.org,0,data/raw/html/8d1d8a3956ab5668e1da4e3e7f856f08.html,https://www.wikipedia.org,tranco_top,200,0,
1895ab41ad3a81f6fd0a194bbc337a22,https://www.github.com,0,data/raw/html/1895ab41ad3a81f6fd0a194bbc337a22.html,https://www.github.com,tranco_top,200,0,
f331a5ed3965fb59761dfcecfc7e7a34,https://www.bbc.com,0,data/raw/html/f331a5ed3965fb59761dfcecfc7e7a34.html,https://www.bbc.com/,tranco_top,200,0,
82cc5b2a23492c33d2115e3a27bfcbec,https://www.apple.com,0,data/raw/html/82cc5b2a23492c33d2115e3a27bfcbec.html,https://www.apple.com,tranco_top,200,0,
30dd8fd5626b7e36783516a6e238baf2,https://www.reddit.com,0,data/raw/html/30dd8fd5626b7e36783516a6e238baf2.html,https://www.reddit.com,tranco_top,200,0,
86f59539dd529bf08baac69ebfca0e7b,https://www.amazon.com,0,data/raw/html/86f59539dd529bf08baac69ebfca0e7b.html,https://www.amazon.com,tranco_top,200,0,
1a9310bc32b0da66ba564aae8ae0f6ef,https://www.mozilla.org,0,data/raw/html/1a9310bc32b0da66ba564aae8ae0f6ef.html,https://www.mozilla.org,tranco_top,200,0,
d245406cb6c9f36be9064c92c34e12e1,https://www.youtube.com,0,data/raw/html/d245406cb6c9f36be9064c92c34e12e1.html,https://www.youtube.com/,tranco_top,200,0,
c137682bbb0946674f25d1d4bd9e07a0,https://www.python.org,0,data/raw/html/c137682bbb0946674f25d1d4bd9e07a0.html,https://www.python.org,tranco_top,200,0,
9c29616a67ddd65de6607d389aeaecc9,https://www.cloudflare.com,0,data/raw/html/9c29616a67ddd65de6607d389aeaecc9.html,https://www.cloudflare.com,tranco_top,200,0,
f331a5ed3965fb59761dfcecfc7e7a34,https://www.bbc.com,0,data/raw/html/f331a5ed3965fb59761dfcecfc7e7a34.html,https://www.bbc.com,tranco_top,200,0,
2f580dc49292a1caf59cd86dd3c9e60b,https://www.nytimes.com,0,data/raw/html/2f580dc49292a1caf59cd86dd3c9e60b.html,https://www.nytimes.com/,tranco_top,200,0,
30dd8fd5626b7e36783516a6e238baf2,https://www.reddit.com,0,data/raw/html/30dd8fd5626b7e36783516a6e238baf2.html,https://www.reddit.com/,tranco_top,200,0,
8ffdefbdec956b595d257f0aaeefd623,https://www.google.com,0,data/raw/html/8ffdefbdec956b595d257f0aaeefd623.html,https://www.google.com,tranco_top,200,0,
d245406cb6c9f36be9064c92c34e12e1,https://www.youtube.com,0,data/raw/html/d245406cb6c9f36be9064c92c34e12e1.html,https://www.youtube.com,tranco_top,200,0,
8d1d8a3956ab5668e1da4e3e7f856f08,https://www.wikipedia.org,0,data/raw/html/8d1d8a3956ab5668e1da4e3e7f856f08.html,https://www.wikipedia.org,tranco_top,200,0,
1895ab41ad3a81f6fd0a194bbc337a22,https://www.github.com,0,data/raw/html/1895ab41ad3a81f6fd0a194bbc337a22.html,https://www.github.com,tranco_top,200,0,
d696f975bb3df45472669f8d56aef437,https://www.microsoft.com,0,data/raw/html/d696f975bb3df45472669f8d56aef437.html,https://www.microsoft.com/en-in,tranco_top,200,1,
82cc5b2a23492c33d2115e3a27bfcbec,https://www.apple.com,0,data/raw/html/82cc5b2a23492c33d2115e3a27bfcbec.html,https://www.apple.com,tranco_top,200,0,
30dd8fd5626b7e36783516a6e238baf2,https://www.reddit.com,0,data/raw/html/30dd8fd5626b7e36783516a6e238baf2.html,https://www.reddit.com,tranco_top,200,0,
86f59539dd529bf08baac69ebfca0e7b,https://www.amazon.com,0,data/raw/html/86f59539dd529bf08baac69ebfca0e7b.html,https://www.amazon.com,tranco_top,200,0,
1a9310bc32b0da66ba564aae8ae0f6ef,https://www.mozilla.org,0,data/raw/html/1a9310bc32b0da66ba564aae8ae0f6ef.html,https://www.mozilla.org,tranco_top,200,0,
c137682bbb0946674f25d1d4bd9e07a0,https://www.python.org,0,data/raw/html/c137682bbb0946674f25d1d4bd9e07a0.html,https://www.python.org,tranco_top,200,0,
9c29616a67ddd65de6607d389aeaecc9,https://www.cloudflare.com,0,data/raw/html/9c29616a67ddd65de6607d389aeaecc9.html,https://www.cloudflare.com,tranco_top,200,0,
f331a5ed3965fb59761dfcecfc7e7a34,https://www.bbc.com,0,data/raw/html/f331a5ed3965fb59761dfcecfc7e7a34.html,https://www.bbc.com,tranco_top,200,0,
2f580dc49292a1caf59cd86dd3c9e60b,https://www.nytimes.com,0,data/raw/html/2f580dc49292a1caf59cd86dd3c9e60b.html,https://www.nytimes.com,tranco_top,200,0,
1a9310bc32b0da66ba564aae8ae0f6ef,https://www.mozilla.org,0,data/raw/html/1a9310bc32b0da66ba564aae8ae0f6ef.html,https://www.mozilla.org/,tranco_top,200,0,
8ffdefbdec956b595d257f0aaeefd623,https://www.google.com,0,data/raw/html/8ffdefbdec956b595d257f0aaeefd623.html,https://www.google.com,tranco_top,200,0,
d245406cb6c9f36be9064c92c34e12e1,https://www.youtube.com,0,data/raw/html/d245406cb6c9f36be9064c92c34e12e1.html,https://www.youtube.com,tranco_top,200,0,
8d1d8a3956ab5668e1da4e3e7f856f08,https://www.wikipedia.org,0,data/raw/html/8d1d8a3956ab5668e1da4e3e7f856f08.html,https://www.wikipedia.org,tranco_top,200,0,
1895ab41ad3a81f6fd0a194bbc337a22,https://www.github.com,0,data/raw/html/1895ab41ad3a81f6fd0a194bbc337a22.html,https://www.github.com,tranco_top,200,0,
d696f975bb3df45472669f8d56aef437,https://www.microsoft.com,0,data/raw/html/d696f975bb3df45472669f8d56aef437.html,https://www.microsoft.com,tranco_top,200,0,
82cc5b2a23492c33d2115e3a27bfcbec,https://www.apple.com,0,data/raw/html/82cc5b2a23492c33d2115e3a27bfcbec.html,https://www.apple.com,tranco_top,200,0,
30dd8fd5626b7e36783516a6e238baf2,https://www.reddit.com,0,data/raw/html/30dd8fd5626b7e36783516a6e238baf2.html,https://www.reddit.com,tranco_top,200,0,
86f59539dd529bf08baac69ebfca0e7b,https://www.amazon.com,0,data/raw/html/86f59539dd529bf08baac69ebfca0e7b.html,https://www.amazon.com,tranco_top,200,0,
1a9310bc32b0da66ba564aae8ae0f6ef,https://www.mozilla.org,0,data/raw/html/1a9310bc32b0da66ba564aae8ae0f6ef.html,https://www.mozilla.org,tranco_top,200,0,
86f59539dd529bf08baac69ebfca0e7b,https://www.amazon.com,0,data/raw/html/86f59539dd529bf08baac69ebfca0e7b.html,https://www.amazon.com/,tranco_top,200,0,
82cc5b2a23492c33d2115e3a27bfcbec,https://www.apple.com,0,data/raw/html/82cc5b2a23492c33d2115e3a27bfcbec.html,https://www.apple.com/,tranco_top,200,0,
9c29616a67ddd65de6607d389aeaecc9,https://www.cloudflare.com,0,data/raw/html/9c29616a67ddd65de6607d389aeaecc9.html,https://www.cloudflare.com,tranco_top,200,0,
f331a5ed3965fb59761dfcecfc7e7a34,https://www.bbc.com,0,data/raw/html/f331a5ed3965fb59761dfcecfc7e7a34.html,https://www.bbc.com,tranco_top,200,0,
2f580dc49292a1caf59cd86dd3c9e60b,https://www.nytimes.com,0,data/raw/html/2f580dc49292a1caf59cd86dd3c9e60b.html,https://www.nytimes.com,tranco_top,200,0,
c137682bbb0946674f25d1d4bd9e07a0,https://www.python.org,0,data/raw/html/c137682bbb0946674f25d1d4bd9e07a0.html,https://www.python.org,tranco_top,200,0,
8ffdefbdec956b595d257f0aaeefd623,https://www.google.com,0,data/raw/html/8ffdefbdec956b595d257f0aaeefd623.html,https://www.google.com,tranco_top,200,0,
d245406cb6c9f36be9064c92c34e12e1,https://www.youtube.com,0,data/raw/html/d245406cb6c9f36be9064c92c34e12e1.html,https://www.youtube.com,tranco_top,200,0,
8d1d8a3956ab5668e1da4e3e7f856f08,https://www.wikipedia.org,0,data/raw/html/8d1d8a3956ab5668e1da4e3e7f856f08.html,https://www.wikipedia.org,tranco_top,200,0,
1895ab41ad3a81f6fd0a194bbc337a22,https://www.github.com,0,data/raw/html/1895ab41ad3a81f6fd0a194bbc337a22.html,https://www.github.com,tranco_top,200,0,
d696f975bb3df45472669f8d56aef437,https://www.microsoft.com,0,data/raw/html/d696f975bb3df45472669f8d56aef437.html,https://www.microsoft.com,tranco_top,200,0,
82cc5b2a23492c33d2115e3a27bfcbec,https://www.apple.com,0,data/raw/html/82cc5b2a23492c33d2115e3a27bfcbec.html,https://www.apple.com,tranco_top,200,0,
30dd8fd5626b7e36783516a6e238baf2,https://www.reddit.com,0,data/raw/html/30dd8fd5626b7e36783516a6e238baf2.html,https://www.reddit.com,tranco_top,200,0,
86f59539dd529bf08baac69ebfca0e7b,https://www.amazon.com,0,data/raw/html/86f59539dd529bf08baac69ebfca0e7b.html,https://www.amazon.com,tranco_top,200,0,
1a9310bc32b0da66ba564aae8ae0f6ef,https://www.mozilla.org,0,data/raw/html/1a9310bc32b0da66ba564aae8ae0f6ef.html,https://www.mozilla.org,tranco_top,200,0,
ebc70a8711a2ca9da81bb2f0a3a31455,https://www.ubuntu.com,0,data/raw/html/ebc70a8711a2ca9da81bb2f0a3a31455.html,https://ubuntu.com/,tranco_top,200,1,
c137682bbb0946674f25d1d4bd9e07a0,https://www.python.org,0,data/raw/html/c137682bbb0946674f25d1d4bd9e07a0.html,https://www.python.org,tranco_top,200,0,
9c29616a67ddd65de6607d389aeaecc9,https://www.cloudflare.com,0,data/raw/html/9c29616a67ddd65de6607d389aeaecc9.html,https://www.cloudflare.com,tranco_top,200,0,
f331a5ed3965fb59761dfcecfc7e7a34,https://www.bbc.com,0,data/raw/html/f331a5ed3965fb59761dfcecfc7e7a34.html,https://www.bbc.com,tranco_top,200,0,
2f580dc49292a1caf59cd86dd3c9e60b,https://www.nytimes.com,0,data/raw/html/2f580dc49292a1caf59cd86dd3c9e60b.html,https://www.nytimes.com,tranco_top,200,0,
d696f975bb3df45472669f8d56aef437,https://www.microsoft.com,0,data/raw/html/d696f975bb3df45472669f8d56aef437.html,https://www.microsoft.com/en-in,tranco_top,200,1,
8ffdefbdec956b595d257f0aaeefd623,https://www.google.com,0,data/raw/html/8ffdefbdec956b595d257f0aaeefd623.html,https://www.google.com,tranco_top,200,0,
d245406cb6c9f36be9064c92c34e12e1,https://www.youtube.com,0,data/raw/html/d245406cb6c9f36be9064c92c34e12e1.html,https://www.youtube.com,tranco_top,200,0,
8d1d8a3956ab5668e1da4e3e7f856f08,https://www.wikipedia.org,0,data/raw/html/8d1d8a3956ab5668e1da4e3e7f856f08.html,https://www.wikipedia.org,tranco_top,200,0,
1895ab41ad3a81f6fd0a194bbc337a22,https://www.github.com,0,data/raw/html/1895ab41ad3a81f6fd0a194bbc337a22.html,https://www.github.com,tranco_top,200,0,
d696f975bb3df45472669f8d56aef437,https://www.microsoft.com,0,data/raw/html/d696f975bb3df45472669f8d56aef437.html,https://www.microsoft.com,tranco_top,200,0,
82cc5b2a23492c33d2115e3a27bfcbec,https://www.apple.com,0,data/raw/html/82cc5b2a23492c33d2115e3a27bfcbec.html,https://www.apple.com,tranco_top,200,0,
30dd8fd5626b7e36783516a6e238baf2,https://www.reddit.com,0,data/raw/html/30dd8fd5626b7e36783516a6e238baf2.html,https://www.reddit.com,tranco_top,200,0,
86f59539dd529bf08baac69ebfca0e7b,https://www.amazon.com,0,data/raw/html/86f59539dd529bf08baac69ebfca0e7b.html,https://www.amazon.com,tranco_top,200,0,
1a9310bc32b0da66ba564aae8ae0f6ef,https://www.mozilla.org,0,data/raw/html/1a9310bc32b0da66ba564aae8ae0f6ef.html,https://www.mozilla.org,tranco_top,200,0,
ebc70a8711a2ca9da81bb2f0a3a31455,https://www.ubuntu.com,0,data/raw/html/ebc70a8711a2ca9da81bb2f0a3a31455.html,https://www.ubuntu.com,tranco_top,200,0,
c137682bbb0946674f25d1d4bd9e07a0,https://www.python.org,0,data/raw/html/c137682bbb0946674f25d1d4bd9e07a0.html,https://www.python.org,tranco_top,200,0,
9c29616a67ddd65de6607d389aeaecc9,https://www.cloudflare.com,0,data/raw/html/9c29616a67ddd65de6607d389aeaecc9.html,https://www.cloudflare.com,tranco_top,200,0,
f331a5ed3965fb59761dfcecfc7e7a34,https://www.bbc.com,0,data/raw/html/f331a5ed3965fb59761dfcecfc7e7a34.html,https://www.bbc.com,tranco_top,200,0,
2f580dc49292a1caf59cd86dd3c9e60b,https://www.nytimes.com,0,data/raw/html/2f580dc49292a1caf59cd86dd3c9e60b.html,https://www.nytimes.com,tranco_top,200,0,
f331a5ed3965fb59761dfcecfc7e7a34,https://www.bbc.com,0,data/raw/html/f331a5ed3965fb59761dfcecfc7e7a34.html,https://www.bbc.com/,tranco_top,200,0,
8ffdefbdec956b595d257f0aaeefd623,https://www.google.com,0,data/raw/html/8ffdefbdec956b595d257f0aaeefd623.html,https://www.google.com,tranco_top,200,0,
d245406cb6c9f36be9064c92c34e12e1,https://www.youtube.com,0,data/raw/html/d245406cb6c9f36be9064c92c34e12e1.html,https://www.youtube.com,tranco_top,200,0,
8d1d8a3956ab5668e1da4e3e7f856f08,https://www.wikipedia.org,0,data/raw/html/8d1d8a3956ab5668e1da4e3e7f856f08.html,https://www.wikipedia.org,tranco_top,200,0,
1895ab41ad3a81f6fd0a194bbc337a22,https://www.github.com,0,data/raw/html/1895ab41ad3a81f6fd0a194bbc337a22.html,https://www.github.com,tranco_top,200,0,
d696f975bb3df45472669f8d56aef437,https://www.microsoft.com,0,data/raw/html/d696f975bb3df45472669f8d56aef437.html,https://www.microsoft.com,tranco_top,200,0,
82cc5b2a23492c33d2115e3a27bfcbec,https://www.apple.com,0,data/raw/html/82cc5b2a23492c33d2115e3a27bfcbec.html,https://www.apple.com,tranco_top,200,0,
30dd8fd5626b7e36783516a6e238baf2,https://www.reddit.com,0,data/raw/html/30dd8fd5626b7e36783516a6e238baf2.html,https://www.reddit.com,tranco_top,200,0,
86f59539dd529bf08baac69ebfca0e7b,https://www.amazon.com,0,data/raw/html/86f59539dd529bf08baac69ebfca0e7b.html,https://www.amazon.com,tranco_top,200,0,
1a9310bc32b0da66ba564aae8ae0f6ef,https://www.mozilla.org,0,data/raw/html/1a9310bc32b0da66ba564aae8ae0f6ef.html,https://www.mozilla.org,tranco_top,200,0,
ebc70a8711a2ca9da81bb2f0a3a31455,https://www.ubuntu.com,0,data/raw/html/ebc70a8711a2ca9da81bb2f0a3a31455.html,https://www.ubuntu.com,tranco_top,200,0,
c137682bbb0946674f25d1d4bd9e07a0,https://www.python.org,0,data/raw/html/c137682bbb0946674f25d1d4bd9e07a0.html,https://www.python.org,tranco_top,200,0,
9c29616a67ddd65de6607d389aeaecc9,https://www.cloudflare.com,0,data/raw/html/9c29616a67ddd65de6607d389aeaecc9.html,https://www.cloudflare.com,tranco_top,200,0,
f331a5ed3965fb59761dfcecfc7e7a34,https://www.bbc.com,0,data/raw/html/f331a5ed3965fb59761dfcecfc7e7a34.html,https://www.bbc.com,tranco_top,200,0,
2f580dc49292a1caf59cd86dd3c9e60b,https://www.nytimes.com,0,data/raw/html/2f580dc49292a1caf59cd86dd3c9e60b.html,https://www.nytimes.com,tranco_top,200,0,
8ffdefbdec956b595d257f0aaeefd623,https://www.google.com,0,data/raw/html/8ffdefbdec956b595d257f0aaeefd623.html,https://www.google.com,tranco_top,200,0,
d245406cb6c9f36be9064c92c34e12e1,https://www.youtube.com,0,data/raw/html/d245406cb6c9f36be9064c92c34e12e1.html,https://www.youtube.com,tranco_top,200,0,
8d1d8a3956ab5668e1da4e3e7f856f08,https://www.wikipedia.org,0,data/raw/html/8d1d8a3956ab5668e1da4e3e7f856f08.html,https://www.wikipedia.org,tranco_top,200,0,
1895ab41ad3a81f6fd0a194bbc337a22,https://www.github.com,0,data/raw/html/1895ab41ad3a81f6fd0a194bbc337a22.html,https://www.github.com,tranco_top,200,0,
d696f975bb3df45472669f8d56aef437,https://www.microsoft.com,0,data/raw/html/d696f975bb3df45472669f8d56aef437.html,https://www.microsoft.com,tranco_top,200,0,
82cc5b2a23492c33d2115e3a27bfcbec,https://www.apple.com,0,data/raw/html/82cc5b2a23492c33d2115e3a27bfcbec.html,https://www.apple.com,tranco_top,200,0,
30dd8fd5626b7e36783516a6e238baf2,https://www.reddit.com,0,data/raw/html/30dd8fd5626b7e36783516a6e238baf2.html,https://www.reddit.com,tranco_top,200,0,
86f59539dd529bf08baac69ebfca0e7b,https://www.amazon.com,0,data/raw/html/86f59539dd529bf08baac69ebfca0e7b.html,https://www.amazon.com,tranco_top,200,0,
1a9310bc32b0da66ba564aae8ae0f6ef,https://www.mozilla.org,0,data/raw/html/1a9310bc32b0da66ba564aae8ae0f6ef.html,https://www.mozilla.org,tranco_top,200,0,
ebc70a8711a2ca9da81bb2f0a3a31455,https://www.ubuntu.com,0,data/raw/html/ebc70a8711a2ca9da81bb2f0a3a31455.html,https://www.ubuntu.com,tranco_top,200,0,
c137682bbb0946674f25d1d4bd9e07a0,https://www.python.org,0,data/raw/html/c137682bbb0946674f25d1d4bd9e07a0.html,https://www.python.org,tranco_top,200,0,
9c29616a67ddd65de6607d389aeaecc9,https://www.cloudflare.com,0,data/raw/html/9c29616a67ddd65de6607d389aeaecc9.html,https://www.cloudflare.com,tranco_top,200,0,
f331a5ed3965fb59761dfcecfc7e7a34,https://www.bbc.com,0,data/raw/html/f331a5ed3965fb59761dfcecfc7e7a34.html,https://www.bbc.com,tranco_top,200,0,
2f580dc49292a1caf59cd86dd3c9e60b,https://www.nytimes.com,0,data/raw/html/2f580dc49292a1caf59cd86dd3c9e60b.html,https://www.nytimes.com,tranco_top,200,0,
8ffdefbdec956b595d257f0aaeefd623,https://www.google.com,0,data/raw/html/8ffdefbdec956b595d257f0aaeefd623.html,https://www.google.com,tranco_top,200,0,
d245406cb6c9f36be9064c92c34e12e1,https://www.youtube.com,0,data/raw/html/d245406cb6c9f36be9064c92c34e12e1.html,https://www.youtube.com,tranco_top,200,0,
8d1d8a3956ab5668e1da4e3e7f856f08,https://www.wikipedia.org,0,data/raw/html/8d1d8a3956ab5668e1da4e3e7f856f08.html,https://www.wikipedia.org,tranco_top,200,0,
1895ab41ad3a81f6fd0a194bbc337a22,https://www.github.com,0,data/raw/html/1895ab41ad3a81f6fd0a194bbc337a22.html,https://www.github.com,tranco_top,200,0,
d696f975bb3df45472669f8d56aef437,https://www.microsoft.com,0,data/raw/html/d696f975bb3df45472669f8d56aef437.html,https://www.microsoft.com,tranco_top,200,0,
82cc5b2a23492c33d2115e3a27bfcbec,https://www.apple.com,0,data/raw/html/82cc5b2a23492c33d2115e3a27bfcbec.html,https://www.apple.com,tranco_top,200,0,
30dd8fd5626b7e36783516a6e238baf2,https://www.reddit.com,0,data/raw/html/30dd8fd5626b7e36783516a6e238baf2.html,https://www.reddit.com,tranco_top,200,0,
86f59539dd529bf08baac69ebfca0e7b,https://www.amazon.com,0,data/raw/html/86f59539dd529bf08baac69ebfca0e7b.html,https://www.amazon.com,tranco_top,200,0,
1a9310bc32b0da66ba564aae8ae0f6ef,https://www.mozilla.org,0,data/raw/html/1a9310bc32b0da66ba564aae8ae0f6ef.html,https://www.mozilla.org,tranco_top,200,0,
ebc70a8711a2ca9da81bb2f0a3a31455,https://www.ubuntu.com,0,data/raw/html/ebc70a8711a2ca9da81bb2f0a3a31455.html,https://www.ubuntu.com,tranco_top,200,0,
c137682bbb0946674f25d1d4bd9e07a0,https://www.python.org,0,data/raw/html/c137682bbb0946674f25d1d4bd9e07a0.html,https://www.python.org,tranco_top,200,0,
9c29616a67ddd65de6607d389aeaecc9,https://www.cloudflare.com,0,data/raw/html/9c29616a67ddd65de6607d389aeaecc9.html,https://www.cloudflare.com,tranco_top,200,0,
f331a5ed3965fb59761dfcecfc7e7a34,https://www.bbc.com,0,data/raw/html/f331a5ed3965fb59761dfcecfc7e7a34.html,https://www.bbc.com,tranco_top,200,0,
2f580dc49292a1caf59cd86dd3c9e60b,https://www.nytimes.com,0,data/raw/html/2f580dc49292a1caf59cd86dd3c9e60b.html,https://www.nytimes.com,tranco_top,200,0,
8ffdefbdec956b595d257f0aaeefd623,https://www.google.com,0,data/raw/html/8ffdefbdec956b595d257f0aaeefd623.html,https://www.google.com,tranco_top,200,0,
d245406cb6c9f36be9064c92c34e12e1,https://www.youtube.com,0,data/raw/html/d245406cb6c9f36be9064c92c34e12e1.html,https://www.youtube.com,tranco_top,200,0,
8d1d8a3956ab5668e1da4e3e7f856f08,https://www.wikipedia.org,0,data/raw/html/8d1d8a3956ab5668e1da4e3e7f856f08.html,https://www.wikipedia.org,tranco_top,200,0,
1895ab41ad3a81f6fd0a194bbc337a22,https://www.github.com,0,data/raw/html/1895ab41ad3a81f6fd0a194bbc337a22.html,https://www.github.com,tranco_top,200,0,
d696f975bb3df45472669f8d56aef437,https://www.microsoft.com,0,data/raw/html/d696f975bb3df45472669f8d56aef437.html,https://www.microsoft.com,tranco_top,200,0,
82cc5b2a23492c33d2115e3a27bfcbec,https://www.apple.com,0,data/raw/html/82cc5b2a23492c33d2115e3a27bfcbec.html,https://www.apple.com,tranco_top,200,0,
30dd8fd5626b7e36783516a6e238baf2,https://www.reddit.com,0,data/raw/html/30dd8fd5626b7e36783516a6e238baf2.html,https://www.reddit.com,tranco_top,200,0,
86f59539dd529bf08baac69ebfca0e7b,https://www.amazon.com,0,data/raw/html/86f59539dd529bf08baac69ebfca0e7b.html,https://www.amazon.com,tranco_top,200,0,
1a9310bc32b0da66ba564aae8ae0f6ef,https://www.mozilla.org,0,data/raw/html/1a9310bc32b0da66ba564aae8ae0f6ef.html,https://www.mozilla.org,tranco_top,200,0,
ebc70a8711a2ca9da81bb2f0a3a31455,https://www.ubuntu.com,0,data/raw/html/ebc70a8711a2ca9da81bb2f0a3a31455.html,https://www.ubuntu.com,tranco_top,200,0,
c137682bbb0946674f25d1d4bd9e07a0,https://www.python.org,0,data/raw/html/c137682bbb0946674f25d1d4bd9e07a0.html,https://www.python.org,tranco_top,200,0,
9c29616a67ddd65de6607d389aeaecc9,https://www.cloudflare.com,0,data/raw/html/9c29616a67ddd65de6607d389aeaecc9.html,https://www.cloudflare.com,tranco_top,200,0,
f331a5ed3965fb59761dfcecfc7e7a34,https://www.bbc.com,0,data/raw/html/f331a5ed3965fb59761dfcecfc7e7a34.html,https://www.bbc.com,tranco_top,200,0,
2f580dc49292a1caf59cd86dd3c9e60b,https://www.nytimes.com,0,data/raw/html/2f580dc49292a1caf59cd86dd3c9e60b.html,https://www.nytimes.com,tranco_top,200,0,
2f580dc49292a1caf59cd86dd3c9e60b,https://www.nytimes.com,0,data/raw/html/2f580dc49292a1caf59cd86dd3c9e60b.html,https://www.nytimes.com/,tranco_top,200,0,
8ffdefbdec956b595d257f0aaeefd623,https://www.google.com,0,data/raw/html/8ffdefbdec956b595d257f0aaeefd623.html,https://www.google.com,tranco_top,200,0,
d245406cb6c9f36be9064c92c34e12e1,https://www.youtube.com,0,data/raw/html/d245406cb6c9f36be9064c92c34e12e1.html,https://www.youtube.com,tranco_top,200,0,
8d1d8a3956ab5668e1da4e3e7f856f08,https://www.wikipedia.org,0,data/raw/html/8d1d8a3956ab5668e1da4e3e7f856f08.html,https://www.wikipedia.org,tranco_top,200,0,
1895ab41ad3a81f6fd0a194bbc337a22,https://www.github.com,0,data/raw/html/1895ab41ad3a81f6fd0a194bbc337a22.html,https://www.github.com,tranco_top,200,0,
d696f975bb3df45472669f8d56aef437,https://www.microsoft.com,0,data/raw/html/d696f975bb3df45472669f8d56aef437.html,https://www.microsoft.com,tranco_top,200,0,
82cc5b2a23492c33d2115e3a27bfcbec,https://www.apple.com,0,data/raw/html/82cc5b2a23492c33d2115e3a27bfcbec.html,https://www.apple.com,tranco_top,200,0,
30dd8fd5626b7e36783516a6e238baf2,https://www.reddit.com,0,data/raw/html/30dd8fd5626b7e36783516a6e238baf2.html,https://www.reddit.com,tranco_top,200,0,
86f59539dd529bf08baac69ebfca0e7b,https://www.amazon.com,0,data/raw/html/86f59539dd529bf08baac69ebfca0e7b.html,https://www.amazon.com,tranco_top,200,0,
1a9310bc32b0da66ba564aae8ae0f6ef,https://www.mozilla.org,0,data/raw/html/1a9310bc32b0da66ba564aae8ae0f6ef.html,https://www.mozilla.org,tranco_top,200,0,
ebc70a8711a2ca9da81bb2f0a3a31455,https://www.ubuntu.com,0,data/raw/html/ebc70a8711a2ca9da81bb2f0a3a31455.html,https://www.ubuntu.com,tranco_top,200,0,
c137682bbb0946674f25d1d4bd9e07a0,https://www.python.org,0,data/raw/html/c137682bbb0946674f25d1d4bd9e07a0.html,https://www.python.org,tranco_top,200,0,
9c29616a67ddd65de6607d389aeaecc9,https://www.cloudflare.com,0,data/raw/html/9c29616a67ddd65de6607d389aeaecc9.html,https://www.cloudflare.com,tranco_top,200,0,
f331a5ed3965fb59761dfcecfc7e7a34,https://www.bbc.com,0,data/raw/html/f331a5ed3965fb59761dfcecfc7e7a34.html,https://www.bbc.com,tranco_top,200,0,
2f580dc49292a1caf59cd86dd3c9e60b,https://www.nytimes.com,0,data/raw/html/2f580dc49292a1caf59cd86dd3c9e60b.html,https://www.nytimes.com,tranco_top,200,0,
ebc70a8711a2ca9da81bb2f0a3a31455,https://www.ubuntu.com,0,data/raw/html/ebc70a8711a2ca9da81bb2f0a3a31455.html,https://ubuntu.com/,tranco_top,200,1,
8ffdefbdec956b595d257f0aaeefd623,https://www.google.com,0,data/raw/html/8ffdefbdec956b595d257f0aaeefd623.html,https://www.google.com,tranco_top,200,0,
d245406cb6c9f36be9064c92c34e12e1,https://www.youtube.com,0,data/raw/html/d245406cb6c9f36be9064c92c34e12e1.html,https://www.youtube.com,tranco_top,200,0,
8d1d8a3956ab5668e1da4e3e7f856f08,https://www.wikipedia.org,0,data/raw/html/8d1d8a3956ab5668e1da4e3e7f856f08.html,https://www.wikipedia.org,tranco_top,200,0,
1895ab41ad3a81f6fd0a194bbc337a22,https://www.github.com,0,data/raw/html/1895ab41ad3a81f6fd0a194bbc337a22.html,https://www.github.com,tranco_top,200,0,
d696f975bb3df45472669f8d56aef437,https://www.microsoft.com,0,data/raw/html/d696f975bb3df45472669f8d56aef437.html,https://www.microsoft.com,tranco_top,200,0,
82cc5b2a23492c33d2115e3a27bfcbec,https://www.apple.com,0,data/raw/html/82cc5b2a23492c33d2115e3a27bfcbec.html,https://www.apple.com,tranco_top,200,0,
30dd8fd5626b7e36783516a6e238baf2,https://www.reddit.com,0,data/raw/html/30dd8fd5626b7e36783516a6e238baf2.html,https://www.reddit.com,tranco_top,200,0,
86f59539dd529bf08baac69ebfca0e7b,https://www.amazon.com,0,data/raw/html/86f59539dd529bf08baac69ebfca0e7b.html,https://www.amazon.com,tranco_top,200,0,
1a9310bc32b0da66ba564aae8ae0f6ef,https://www.mozilla.org,0,data/raw/html/1a9310bc32b0da66ba564aae8ae0f6ef.html,https://www.mozilla.org,tranco_top,200,0,
ebc70a8711a2ca9da81bb2f0a3a31455,https://www.ubuntu.com,0,data/raw/html/ebc70a8711a2ca9da81bb2f0a3a31455.html,https://www.ubuntu.com,tranco_top,200,0,
c137682bbb0946674f25d1d4bd9e07a0,https://www.python.org,0,data/raw/html/c137682bbb0946674f25d1d4bd9e07a0.html,https://www.python.org,tranco_top,200,0,
9c29616a67ddd65de6607d389aeaecc9,https://www.cloudflare.com,0,data/raw/html/9c29616a67ddd65de6607d389aeaecc9.html,https://www.cloudflare.com,tranco_top,200,0,
f331a5ed3965fb59761dfcecfc7e7a34,https://www.bbc.com,0,data/raw/html/f331a5ed3965fb59761dfcecfc7e7a34.html,https://www.bbc.com,tranco_top,200,0,
2f580dc49292a1caf59cd86dd3c9e60b,https://www.nytimes.com,0,data/raw/html/2f580dc49292a1caf59cd86dd3c9e60b.html,https://www.nytimes.com,tranco_top,200,0,
8ffdefbdec956b595d257f0aaeefd623,https://www.google.com,0,data/raw/html/8ffdefbdec956b595d257f0aaeefd623.html,https://www.google.com,tranco_top,200,0,
d245406cb6c9f36be9064c92c34e12e1,https://www.youtube.com,0,data/raw/html/d245406cb6c9f36be9064c92c34e12e1.html,https://www.youtube.com,tranco_top,200,0,
8d1d8a3956ab5668e1da4e3e7f856f08,https://www.wikipedia.org,0,data/raw/html/8d1d8a3956ab5668e1da4e3e7f856f08.html,https://www.wikipedia.org,tranco_top,200,0,
1895ab41ad3a81f6fd0a194bbc337a22,https://www.github.com,0,data/raw/html/1895ab41ad3a81f6fd0a194bbc337a22.html,https://www.github.com,tranco_top,200,0,
d696f975bb3df45472669f8d56aef437,https://www.microsoft.com,0,data/raw/html/d696f975bb3df45472669f8d56aef437.html,https://www.microsoft.com,tranco_top,200,0,
82cc5b2a23492c33d2115e3a27bfcbec,https://www.apple.com,0,data/raw/html/82cc5b2a23492c33d2115e3a27bfcbec.html,https://www.apple.com,tranco_top,200,0,
30dd8fd5626b7e36783516a6e238baf2,https://www.reddit.com,0,data/raw/html/30dd8fd5626b7e36783516a6e238baf2.html,https://www.reddit.com,tranco_top,200,0,
86f59539dd529bf08baac69ebfca0e7b,https://www.amazon.com,0,data/raw/html/86f59539dd529bf08baac69ebfca0e7b.html,https://www.amazon.com,tranco_top,200,0,
1a9310bc32b0da66ba564aae8ae0f6ef,https://www.mozilla.org,0,data/raw/html/1a9310bc32b0da66ba564aae8ae0f6ef.html,https://www.mozilla.org,tranco_top,200,0,
ebc70a8711a2ca9da81bb2f0a3a31455,https://www.ubuntu.com,0,data/raw/html/ebc70a8711a2ca9da81bb2f0a3a31455.html,https://www.ubuntu.com,tranco_top,200,0,
c137682bbb0946674f25d1d4bd9e07a0,https://www.python.org,0,data/raw/html/c137682bbb0946674f25d1d4bd9e07a0.html,https://www.python.org,tranco_top,200,0,
9c29616a67ddd65de6607d389aeaecc9,https://www.cloudflare.com,0,data/raw/html/9c29616a67ddd65de6607d389aeaecc9.html,https://www.cloudflare.com,tranco_top,200,0,
f331a5ed3965fb59761dfcecfc7e7a34,https://www.bbc.com,0,data/raw/html/f331a5ed3965fb59761dfcecfc7e7a34.html,https://www.bbc.com,tranco_top,200,0,
2f580dc49292a1caf59cd86dd3c9e60b,https://www.nytimes.com,0,data/raw/html/2f580dc49292a1caf59cd86dd3c9e60b.html,https://www.nytimes.com,tranco_top,200,0,
ebc70a8711a2ca9da81bb2f0a3a31455,https://www.ubuntu.com,0,data/raw/html/ebc70a8711a2ca9da81bb2f0a3a31455.html,https://ubuntu.com/,tranco_top,200,1,
8ffdefbdec956b595d257f0aaeefd623,https://www.google.com,0,data/raw/html/8ffdefbdec956b595d257f0aaeefd623.html,https://www.google.com,tranco_top,200,0,
d245406cb6c9f36be9064c92c34e12e1,https://www.youtube.com,0,data/raw/html/d245406cb6c9f36be9064c92c34e12e1.html,https://www.youtube.com,tranco_top,200,0,
8d1d8a3956ab5668e1da4e3e7f856f08,https://www.wikipedia.org,0,data/raw/html/8d1d8a3956ab5668e1da4e3e7f856f08.html,https://www.wikipedia.org,tranco_top,200,0,
1895ab41ad3a81f6fd0a194bbc337a22,https://www.github.com,0,data/raw/html/1895ab41ad3a81f6fd0a194bbc337a22.html,https://www.github.com,tranco_top,200,0,
d696f975bb3df45472669f8d56aef437,https://www.microsoft.com,0,data/raw/html/d696f975bb3df45472669f8d56aef437.html,https://www.microsoft.com,tranco_top,200,0,
82cc5b2a23492c33d2115e3a27bfcbec,https://www.apple.com,0,data/raw/html/82cc5b2a23492c33d2115e3a27bfcbec.html,https://www.apple.com,tranco_top,200,0,
30dd8fd5626b7e36783516a6e238baf2,https://www.reddit.com,0,data/raw/html/30dd8fd5626b7e36783516a6e238baf2.html,https://www.reddit.com,tranco_top,200,0,
86f59539dd529bf08baac69ebfca0e7b,https://www.amazon.com,0,data/raw/html/86f59539dd529bf08baac69ebfca0e7b.html,https://www.amazon.com,tranco_top,200,0,
1a9310bc32b0da66ba564aae8ae0f6ef,https://www.mozilla.org,0,data/raw/html/1a9310bc32b0da66ba564aae8ae0f6ef.html,https://www.mozilla.org,tranco_top,200,0,
ebc70a8711a2ca9da81bb2f0a3a31455,https://www.ubuntu.com,0,data/raw/html/ebc70a8711a2ca9da81bb2f0a3a31455.html,https://www.ubuntu.com,tranco_top,200,0,
